# vsim -vopt work.tb -voptargs="+acc=npr" -assertdebug -l run.log -coverage -c -do "coverage save -onexit -assert -directive -cvg -codeAll coverage.ucdb; coverage report -detail;run -all; exit" 
# Start time: 09:59:56 on Aug 07,2025
# ** Note: (vsim-3813) Design is being optimized due to module recompilation...
# //  Questa Sim
# //  Version 10.6c linux Jul 25 2017
# //
# //  Copyright 1991-2017 Mentor Graphics Corporation
# //  All Rights Reserved.
# //
# //  QuestaSim and its associated documentation contain trade
# //  secrets and commercial or financial information that are the property of
# //  Mentor Graphics Corporation and are privileged, confidential,
# //  and exempt from disclosure under the Freedom of Information Act,
# //  5 U.S.C. Section 552. Furthermore, this information
# //  is prohibited from disclosure under the Trade Secrets Act,
# //  18 U.S.C. Section 1905.
# //
# Loading sv_std.std
# Loading mtiUvm.uvm_pkg
# Loading work.ral_top_sv_unit(fast)
# Loading work.tb(fast)
# Loading work.ral_if(fast)
# Loading work.top(fast)
# Loading mtiUvm.questa_uvm_pkg(fast)
# Loading work.ral_if(fast)
# Loading /tools/mentor/questasim_10.6c/questasim/uvm-1.1d/linux/uvm_dpi.so
# coverage save -onexit -assert -directive -cvg -codeAll coverage.ucdb
#  coverage report -detail
# Coverage Report by file with details
# 
# =================================================================================
# === File: design.v
# =================================================================================
# Statement Coverage:
#     Enabled Coverage            Active      Hits    Misses % Covered
#     ----------------            ------      ----    ------ ---------
#     Stmts                           17         0        17       0.0
# 
# ================================Statement Details================================
# 
# Statement Coverage for file design.v --
# 
#     1                                                module top 
#     2                                                (  
#     3                                                    input               pclk,
#     4                                                    input               presetn,
#     5                                                    input   [31 : 0]    paddr,
#     6                                                    input   [31 : 0]    pwdata,
#     7                                                    input               psel,
#     8                                                    input               pwrite,
#     9                                                    input               penable,
#     10                                                   output  [31 : 0]    prdata
#     11                                               );
#     12                                                
#     13                                                 reg [3:0]  cntrl = 0; ///   cntrl :  [reg4 reg3 reg2 reg1]
#     14                                                 reg [31:0] reg1  = 0; //    datainput 1
#     15                                                 reg [31:0] reg2  = 0; ///   datainput 2
#     16                                                 reg [31:0] reg3  = 0; ///   datainput 3
#     17                                                 reg [31:0] reg4  = 0; //    datainput 4
#     18                                                   
#     19                                                 reg     [31 : 0]    rdata_tmp = 0;    
#     20                                                   // Set all registers to default values
#     21              1                    ***0***         always @ (posedge pclk) 
#     22                                                     begin
#     23                                                       if( !presetn ) 
#     24                                                       begin
#     25              1                    ***0***                cntrl    <= 4'h0;
#     26              1                    ***0***                reg1     <= 32'h5A5A_5555;
#     27              1                    ***0***                reg2     <= 32'h1234_9876;
#     28              1                    ***0***                reg3     <= 32'hA5A5_0000;;
#     29              1                    ***0***                reg4     <= 32'h0000_FFFF;
#     30              1                    ***0***               rdata_tmp <= 32'h00000000;
#     31                                                       end
#     32                                                     ////////////update values of register
#     33                                                       else if( psel && penable && pwrite )
#     34                                                       begin
#     35                                                           case( paddr )
#     36              1                    ***0***                     'h0     : cntrl <= pwdata;
#     37              1                    ***0***                     'h8     : reg2  <= pwdata;
#     38              1                    ***0***                     'hc     : reg3  <= pwdata;
#     39              1                    ***0***                     'h10    : reg4  <= pwdata;
#     40                                                           endcase
#     41                                                       end
#     42                                                       else if (psel && penable && !pwrite )
#     43                                                        begin
#     44                                                          case( paddr )
#     45              1                    ***0***                     'h0     : rdata_tmp <= {28'h0000000,cntrl};
#     46              1                    ***0***                     'h4     : rdata_tmp <= reg1;
#     47              1                    ***0***                     'h8     : rdata_tmp <= reg2;
#     48              1                    ***0***                     'hc     : rdata_tmp <= reg3;
#     49              1                    ***0***                     'h10    : rdata_tmp <= reg4;
#     50              1                    ***0***                     default : rdata_tmp <= 32'h00000000;
#     51                                                           endcase 
#     52                                                        end      
#     53                                                   end   
#     54                                               assign prdata =  rdata_tmp; 
#     55                                               endmodule
# 
# Branch Coverage:
#     Enabled Coverage            Active      Hits    Misses % Covered
#     ----------------            ------      ----    ------ ---------
#     Branches                        15         0        15       0.0
# 
# ================================Branch Details================================
# 
# Branch Coverage for file design.v --
# 
# ------------------------------------IF Branch------------------------------------
#     23                                   ***0***     Count coming in to IF
#     23              1                    ***0***             if( !presetn ) 
#     33              1                    ***0***             else if( psel && penable && pwrite )
#     42              1                    ***0***             else if (psel && penable && !pwrite )
#                                          ***0***     All False Count
# Branch totals: 0 hits of 4 branches = 0.0%
# 
# ------------------------------------CASE Branch------------------------------------
#     35                                   ***0***     Count coming in to CASE
#     36              1                    ***0***                     'h0     : cntrl <= pwdata;
#     37              1                    ***0***                     'h8     : reg2  <= pwdata;
#     38              1                    ***0***                     'hc     : reg3  <= pwdata;
#     39              1                    ***0***                     'h10    : reg4  <= pwdata;
#                                          ***0***     All False Count
# Branch totals: 0 hits of 5 branches = 0.0%
# 
# ------------------------------------CASE Branch------------------------------------
#     44                                   ***0***     Count coming in to CASE
#     45              1                    ***0***                     'h0     : rdata_tmp <= {28'h0000000,cntrl};
#     46              1                    ***0***                     'h4     : rdata_tmp <= reg1;
#     47              1                    ***0***                     'h8     : rdata_tmp <= reg2;
#     48              1                    ***0***                     'hc     : rdata_tmp <= reg3;
#     49              1                    ***0***                     'h10    : rdata_tmp <= reg4;
#     50              1                    ***0***                     default : rdata_tmp <= 32'h00000000;
# Branch totals: 0 hits of 6 branches = 0.0%
# 
# 
# Condition Coverage:
#     Enabled Coverage            Active   Covered    Misses % Covered
#     ----------------            ------      ----    ------ ---------
#     FEC Condition Terms              6         0         6       0.0
# 
# ================================Condition Details================================
# 
# Condition Coverage for file design.v --
# 
# ----------------Focused Condition View-------------------
# Line       33 Item    1  ((psel && penable) && pwrite)
# Condition totals: 0 of 3 input terms covered = 0.0%
# 
#   Input Term   Covered  Reason for no coverage   Hint
#  -----------  --------  -----------------------  --------------
#         psel         N  No hits                  Hit '_0' and '_1'
#      penable         N  No hits                  Hit '_0' and '_1'
#       pwrite         N  No hits                  Hit '_0' and '_1'
# 
#      Rows:       Hits  FEC Target            Non-masking condition(s)      
#  ---------  ---------  --------------------  -------------------------     
#   Row   1:    ***0***  psel_0                -                             
#   Row   2:    ***0***  psel_1                (pwrite && penable)           
#   Row   3:    ***0***  penable_0             psel                          
#   Row   4:    ***0***  penable_1             (pwrite && psel)              
#   Row   5:    ***0***  pwrite_0              (psel && penable)             
#   Row   6:    ***0***  pwrite_1              (psel && penable)             
# 
# ----------------Focused Condition View-------------------
# Line       42 Item    1  ((psel && penable) && ~pwrite)
# Condition totals: 0 of 3 input terms covered = 0.0%
# 
#   Input Term   Covered  Reason for no coverage   Hint
#  -----------  --------  -----------------------  --------------
#         psel         N  No hits                  Hit '_0' and '_1'
#      penable         N  No hits                  Hit '_0' and '_1'
#       pwrite         N  No hits                  Hit '_0' and '_1'
# 
#      Rows:       Hits  FEC Target            Non-masking condition(s)      
#  ---------  ---------  --------------------  -------------------------     
#   Row   1:    ***0***  psel_0                -                             
#   Row   2:    ***0***  psel_1                (~pwrite && penable)          
#   Row   3:    ***0***  penable_0             psel                          
#   Row   4:    ***0***  penable_1             (~pwrite && psel)             
#   Row   5:    ***0***  pwrite_0              (psel && penable)             
#   Row   6:    ***0***  pwrite_1              (psel && penable)             
# 
# 
# Expression Coverage:
#     Enabled Coverage            Active   Covered    Misses % Covered
#     ----------------            ------      ----    ------ ---------
#     FEC Expression Terms             0         0         0     100.0
# FSM Coverage:
#     Enabled Coverage            Active      Hits    Misses % Covered
#     ----------------            ------      ----    ------ ---------
#     FSMs                                                       100.0
#         States                       0         0         0     100.0
#         Transitions                  0         0         0     100.0
# Toggle Coverage:
#     Enabled Coverage            Active      Hits    Misses % Covered
#     ----------------            ------      ----    ------ ---------
#     Toggle Bins                    530         0       530       0.0
# 
# ================================Toggle Details================================
# 
# Toggle Coverage for File design.v --
# 
#        Line                                   Node      1H->0L      0L->1H  "Coverage"
# --------------------------------------------------------------------------------------
#           3                                   pclk           0           0        0.00 
#           4                                presetn           0           0        0.00 
#           5                               paddr[9]           0           0        0.00 
#           5                               paddr[8]           0           0        0.00 
#           5                               paddr[7]           0           0        0.00 
#           5                               paddr[6]           0           0        0.00 
#           5                               paddr[5]           0           0        0.00 
#           5                               paddr[4]           0           0        0.00 
#           5                               paddr[3]           0           0        0.00 
#           5                              paddr[31]           0           0        0.00 
#           5                              paddr[30]           0           0        0.00 
#           5                               paddr[2]           0           0        0.00 
#           5                              paddr[29]           0           0        0.00 
#           5                              paddr[28]           0           0        0.00 
#           5                              paddr[27]           0           0        0.00 
#           5                              paddr[26]           0           0        0.00 
#           5                              paddr[25]           0           0        0.00 
#           5                              paddr[24]           0           0        0.00 
#           5                              paddr[23]           0           0        0.00 
#           5                              paddr[22]           0           0        0.00 
#           5                              paddr[21]           0           0        0.00 
#           5                              paddr[20]           0           0        0.00 
#           5                               paddr[1]           0           0        0.00 
#           5                              paddr[19]           0           0        0.00 
#           5                              paddr[18]           0           0        0.00 
#           5                              paddr[17]           0           0        0.00 
#           5                              paddr[16]           0           0        0.00 
#           5                              paddr[15]           0           0        0.00 
#           5                              paddr[14]           0           0        0.00 
#           5                              paddr[13]           0           0        0.00 
#           5                              paddr[12]           0           0        0.00 
#           5                              paddr[11]           0           0        0.00 
#           5                              paddr[10]           0           0        0.00 
#           5                               paddr[0]           0           0        0.00 
#           6                              pwdata[9]           0           0        0.00 
#           6                              pwdata[8]           0           0        0.00 
#           6                              pwdata[7]           0           0        0.00 
#           6                              pwdata[6]           0           0        0.00 
#           6                              pwdata[5]           0           0        0.00 
#           6                              pwdata[4]           0           0        0.00 
#           6                              pwdata[3]           0           0        0.00 
#           6                             pwdata[31]           0           0        0.00 
#           6                             pwdata[30]           0           0        0.00 
#           6                              pwdata[2]           0           0        0.00 
#           6                             pwdata[29]           0           0        0.00 
#           6                             pwdata[28]           0           0        0.00 
#           6                             pwdata[27]           0           0        0.00 
#           6                             pwdata[26]           0           0        0.00 
#           6                             pwdata[25]           0           0        0.00 
#           6                             pwdata[24]           0           0        0.00 
#           6                             pwdata[23]           0           0        0.00 
#           6                             pwdata[22]           0           0        0.00 
#           6                             pwdata[21]           0           0        0.00 
#           6                             pwdata[20]           0           0        0.00 
#           6                              pwdata[1]           0           0        0.00 
#           6                             pwdata[19]           0           0        0.00 
#           6                             pwdata[18]           0           0        0.00 
#           6                             pwdata[17]           0           0        0.00 
#           6                             pwdata[16]           0           0        0.00 
#           6                             pwdata[15]           0           0        0.00 
#           6                             pwdata[14]           0           0        0.00 
#           6                             pwdata[13]           0           0        0.00 
#           6                             pwdata[12]           0           0        0.00 
#           6                             pwdata[11]           0           0        0.00 
#           6                             pwdata[10]           0           0        0.00 
#           6                              pwdata[0]           0           0        0.00 
#           7                                   psel           0           0        0.00 
#           8                                 pwrite           0           0        0.00 
#           9                                penable           0           0        0.00 
#          10                              prdata[9]           0           0        0.00 
#          10                              prdata[8]           0           0        0.00 
#          10                              prdata[7]           0           0        0.00 
#          10                              prdata[6]           0           0        0.00 
#          10                              prdata[5]           0           0        0.00 
#          10                              prdata[4]           0           0        0.00 
#          10                              prdata[3]           0           0        0.00 
#          10                             prdata[31]           0           0        0.00 
#          10                             prdata[30]           0           0        0.00 
#          10                              prdata[2]           0           0        0.00 
#          10                             prdata[29]           0           0        0.00 
#          10                             prdata[28]           0           0        0.00 
#          10                             prdata[27]           0           0        0.00 
#          10                             prdata[26]           0           0        0.00 
#          10                             prdata[25]           0           0        0.00 
#          10                             prdata[24]           0           0        0.00 
#          10                             prdata[23]           0           0        0.00 
#          10                             prdata[22]           0           0        0.00 
#          10                             prdata[21]           0           0        0.00 
#          10                             prdata[20]           0           0        0.00 
#          10                              prdata[1]           0           0        0.00 
#          10                             prdata[19]           0           0        0.00 
#          10                             prdata[18]           0           0        0.00 
#          10                             prdata[17]           0           0        0.00 
#          10                             prdata[16]           0           0        0.00 
#          10                             prdata[15]           0           0        0.00 
#          10                             prdata[14]           0           0        0.00 
#          10                             prdata[13]           0           0        0.00 
#          10                             prdata[12]           0           0        0.00 
#          10                             prdata[11]           0           0        0.00 
#          10                             prdata[10]           0           0        0.00 
#          10                              prdata[0]           0           0        0.00 
#          13                               cntrl[3]           0           0        0.00 
#          13                               cntrl[2]           0           0        0.00 
#          13                               cntrl[1]           0           0        0.00 
#          13                               cntrl[0]           0           0        0.00 
#          14                                reg1[9]           0           0        0.00 
#          14                                reg1[8]           0           0        0.00 
#          14                                reg1[7]           0           0        0.00 
#          14                                reg1[6]           0           0        0.00 
#          14                                reg1[5]           0           0        0.00 
#          14                                reg1[4]           0           0        0.00 
#          14                                reg1[3]           0           0        0.00 
#          14                               reg1[31]           0           0        0.00 
#          14                               reg1[30]           0           0        0.00 
#          14                                reg1[2]           0           0        0.00 
#          14                               reg1[29]           0           0        0.00 
#          14                               reg1[28]           0           0        0.00 
#          14                               reg1[27]           0           0        0.00 
#          14                               reg1[26]           0           0        0.00 
#          14                               reg1[25]           0           0        0.00 
#          14                               reg1[24]           0           0        0.00 
#          14                               reg1[23]           0           0        0.00 
#          14                               reg1[22]           0           0        0.00 
#          14                               reg1[21]           0           0        0.00 
#          14                               reg1[20]           0           0        0.00 
#          14                                reg1[1]           0           0        0.00 
#          14                               reg1[19]           0           0        0.00 
#          14                               reg1[18]           0           0        0.00 
#          14                               reg1[17]           0           0        0.00 
#          14                               reg1[16]           0           0        0.00 
#          14                               reg1[15]           0           0        0.00 
#          14                               reg1[14]           0           0        0.00 
#          14                               reg1[13]           0           0        0.00 
#          14                               reg1[12]           0           0        0.00 
#          14                               reg1[11]           0           0        0.00 
#          14                               reg1[10]           0           0        0.00 
#          14                                reg1[0]           0           0        0.00 
#          15                                reg2[9]           0           0        0.00 
#          15                                reg2[8]           0           0        0.00 
#          15                                reg2[7]           0           0        0.00 
#          15                                reg2[6]           0           0        0.00 
#          15                                reg2[5]           0           0        0.00 
#          15                                reg2[4]           0           0        0.00 
#          15                                reg2[3]           0           0        0.00 
#          15                               reg2[31]           0           0        0.00 
#          15                               reg2[30]           0           0        0.00 
#          15                                reg2[2]           0           0        0.00 
#          15                               reg2[29]           0           0        0.00 
#          15                               reg2[28]           0           0        0.00 
#          15                               reg2[27]           0           0        0.00 
#          15                               reg2[26]           0           0        0.00 
#          15                               reg2[25]           0           0        0.00 
#          15                               reg2[24]           0           0        0.00 
#          15                               reg2[23]           0           0        0.00 
#          15                               reg2[22]           0           0        0.00 
#          15                               reg2[21]           0           0        0.00 
#          15                               reg2[20]           0           0        0.00 
#          15                                reg2[1]           0           0        0.00 
#          15                               reg2[19]           0           0        0.00 
#          15                               reg2[18]           0           0        0.00 
#          15                               reg2[17]           0           0        0.00 
#          15                               reg2[16]           0           0        0.00 
#          15                               reg2[15]           0           0        0.00 
#          15                               reg2[14]           0           0        0.00 
#          15                               reg2[13]           0           0        0.00 
#          15                               reg2[12]           0           0        0.00 
#          15                               reg2[11]           0           0        0.00 
#          15                               reg2[10]           0           0        0.00 
#          15                                reg2[0]           0           0        0.00 
#          16                                reg3[9]           0           0        0.00 
#          16                                reg3[8]           0           0        0.00 
#          16                                reg3[7]           0           0        0.00 
#          16                                reg3[6]           0           0        0.00 
#          16                                reg3[5]           0           0        0.00 
#          16                                reg3[4]           0           0        0.00 
#          16                                reg3[3]           0           0        0.00 
#          16                               reg3[31]           0           0        0.00 
#          16                               reg3[30]           0           0        0.00 
#          16                                reg3[2]           0           0        0.00 
#          16                               reg3[29]           0           0        0.00 
#          16                               reg3[28]           0           0        0.00 
#          16                               reg3[27]           0           0        0.00 
#          16                               reg3[26]           0           0        0.00 
#          16                               reg3[25]           0           0        0.00 
#          16                               reg3[24]           0           0        0.00 
#          16                               reg3[23]           0           0        0.00 
#          16                               reg3[22]           0           0        0.00 
#          16                               reg3[21]           0           0        0.00 
#          16                               reg3[20]           0           0        0.00 
#          16                                reg3[1]           0           0        0.00 
#          16                               reg3[19]           0           0        0.00 
#          16                               reg3[18]           0           0        0.00 
#          16                               reg3[17]           0           0        0.00 
#          16                               reg3[16]           0           0        0.00 
#          16                               reg3[15]           0           0        0.00 
#          16                               reg3[14]           0           0        0.00 
#          16                               reg3[13]           0           0        0.00 
#          16                               reg3[12]           0           0        0.00 
#          16                               reg3[11]           0           0        0.00 
#          16                               reg3[10]           0           0        0.00 
#          16                                reg3[0]           0           0        0.00 
#          17                                reg4[9]           0           0        0.00 
#          17                                reg4[8]           0           0        0.00 
#          17                                reg4[7]           0           0        0.00 
#          17                                reg4[6]           0           0        0.00 
#          17                                reg4[5]           0           0        0.00 
#          17                                reg4[4]           0           0        0.00 
#          17                                reg4[3]           0           0        0.00 
#          17                               reg4[31]           0           0        0.00 
#          17                               reg4[30]           0           0        0.00 
#          17                                reg4[2]           0           0        0.00 
#          17                               reg4[29]           0           0        0.00 
#          17                               reg4[28]           0           0        0.00 
#          17                               reg4[27]           0           0        0.00 
#          17                               reg4[26]           0           0        0.00 
#          17                               reg4[25]           0           0        0.00 
#          17                               reg4[24]           0           0        0.00 
#          17                               reg4[23]           0           0        0.00 
#          17                               reg4[22]           0           0        0.00 
#          17                               reg4[21]           0           0        0.00 
#          17                               reg4[20]           0           0        0.00 
#          17                                reg4[1]           0           0        0.00 
#          17                               reg4[19]           0           0        0.00 
#          17                               reg4[18]           0           0        0.00 
#          17                               reg4[17]           0           0        0.00 
#          17                               reg4[16]           0           0        0.00 
#          17                               reg4[15]           0           0        0.00 
#          17                               reg4[14]           0           0        0.00 
#          17                               reg4[13]           0           0        0.00 
#          17                               reg4[12]           0           0        0.00 
#          17                               reg4[11]           0           0        0.00 
#          17                               reg4[10]           0           0        0.00 
#          17                                reg4[0]           0           0        0.00 
#          19                           rdata_tmp[9]           0           0        0.00 
#          19                           rdata_tmp[8]           0           0        0.00 
#          19                           rdata_tmp[7]           0           0        0.00 
#          19                           rdata_tmp[6]           0           0        0.00 
#          19                           rdata_tmp[5]           0           0        0.00 
#          19                           rdata_tmp[4]           0           0        0.00 
#          19                           rdata_tmp[3]           0           0        0.00 
#          19                          rdata_tmp[31]           0           0        0.00 
#          19                          rdata_tmp[30]           0           0        0.00 
#          19                           rdata_tmp[2]           0           0        0.00 
#          19                          rdata_tmp[29]           0           0        0.00 
#          19                          rdata_tmp[28]           0           0        0.00 
#          19                          rdata_tmp[27]           0           0        0.00 
#          19                          rdata_tmp[26]           0           0        0.00 
#          19                          rdata_tmp[25]           0           0        0.00 
#          19                          rdata_tmp[24]           0           0        0.00 
#          19                          rdata_tmp[23]           0           0        0.00 
#          19                          rdata_tmp[22]           0           0        0.00 
#          19                          rdata_tmp[21]           0           0        0.00 
#          19                          rdata_tmp[20]           0           0        0.00 
#          19                           rdata_tmp[1]           0           0        0.00 
#          19                          rdata_tmp[19]           0           0        0.00 
#          19                          rdata_tmp[18]           0           0        0.00 
#          19                          rdata_tmp[17]           0           0        0.00 
#          19                          rdata_tmp[16]           0           0        0.00 
#          19                          rdata_tmp[15]           0           0        0.00 
#          19                          rdata_tmp[14]           0           0        0.00 
#          19                          rdata_tmp[13]           0           0        0.00 
#          19                          rdata_tmp[12]           0           0        0.00 
#          19                          rdata_tmp[11]           0           0        0.00 
#          19                          rdata_tmp[10]           0           0        0.00 
#          19                           rdata_tmp[0]           0           0        0.00 
# 
# Total Node Count     =        265 
# Toggled Node Count   =          0 
# Untoggled Node Count =        265 
# 
# Toggle Coverage      =        0.0% (0 of 530 bins)
# 
# =================================================================================
# === File: ral_adapter.sv
# =================================================================================
# Statement Coverage:
#     Enabled Coverage            Active      Hits    Misses % Covered
#     ----------------            ------      ----    ------ ---------
#     Stmts                           22         0        22       0.0
# 
# ================================Statement Details================================
# 
# Statement Coverage for file ral_adapter.sv --
# 
#     1                                                class ral_adapter extends uvm_reg_adapter;
#     2               1                    ***0***       `uvm_object_utils(ral_adapter)
#     2               2                    ***0***     
#     2               3                    ***0***     
#     2               4                    ***0***     
#     2               5                    ***0***     
#     2               6                    ***0***     
#     2               7                    ***0***     
#     2               8                    ***0***     
#     2               9                    ***0***     
#     2              10                    ***0***     
#     3                                                
#     4                                                  function new(string name = "ral_adapter");
#     5               1                    ***0***         super.new(name);
#     6               1                    ***0***         supports_byte_enable = 0;
#     7                                                  endfunction
#     8                                                
#     9                                                  virtual function uvm_sequence_item reg2bus(const ref uvm_reg_bus_op rw);
#     10                                                   ral_seq_item tr;
#     11              1                    ***0***         tr = ral_seq_item::type_id::create("tr");
#     12                                               
#     13              1                    ***0***         tr.paddr  = rw.addr;
#     14              1                    ***0***         tr.pwrite = (rw.kind == UVM_WRITE);
#     15              1                    ***0***         tr.pwdata = rw.data;
#     16                                               
#     17              1                    ***0***         return tr;
#     18                                                 endfunction
#     19                                               
#     20                                                 virtual function void bus2reg(uvm_sequence_item bus_item,
#     21                                                                               ref uvm_reg_bus_op rw);
#     22                                                   ral_seq_item tr;
#     23                                                   if (!$cast(tr, bus_item))
#     24              1                    ***0***           `uvm_fatal("RAL_ADAPTER", "bus2reg: cast failed")
#     25                                               
#     26              1                    ***0***         rw.kind   = tr.pwrite ? UVM_WRITE : UVM_READ;
#     27              1                    ***0***         rw.addr   = tr.paddr;
#     28              1                    ***0***         rw.data   = tr.prdata;
#     29              1                    ***0***         rw.status = UVM_IS_OK;
#     30                                                 endfunction
#     31                                               endclass
#     32                                               
# 
# Branch Coverage:
#     Enabled Coverage            Active      Hits    Misses % Covered
#     ----------------            ------      ----    ------ ---------
#     Branches                        16         0        16       0.0
# 
# ================================Branch Details================================
# 
# Branch Coverage for file ral_adapter.sv --
# 
# ------------------------------------IF Branch------------------------------------
#     2                                    ***0***     Count coming in to IF
#     2               1                    ***0***       `uvm_object_utils(ral_adapter)
#                                          ***0***     All False Count
# Branch totals: 0 hits of 2 branches = 0.0%
# 
# ------------------------------------IF Branch------------------------------------
#     2                                    ***0***     Count coming in to IF
#     2               2                    ***0***       `uvm_object_utils(ral_adapter)
#                                          ***0***     All False Count
# Branch totals: 0 hits of 2 branches = 0.0%
# 
# ------------------------------------IF Branch------------------------------------
#     2                                    ***0***     Count coming in to IF
#     2               3                    ***0***       `uvm_object_utils(ral_adapter)
#     2               4                    ***0***       `uvm_object_utils(ral_adapter)
# Branch totals: 0 hits of 2 branches = 0.0%
# 
# ------------------------------------IF Branch------------------------------------
#     2                                    ***0***     Count coming in to IF
#     2               5                    ***0***       `uvm_object_utils(ral_adapter)
#                                          ***0***     All False Count
# Branch totals: 0 hits of 2 branches = 0.0%
# 
# ------------------------------------IF Branch------------------------------------
#     2                                    ***0***     Count coming in to IF
#     2               6                    ***0***       `uvm_object_utils(ral_adapter)
#                                          ***0***     All False Count
# Branch totals: 0 hits of 2 branches = 0.0%
# 
# ------------------------------------IF Branch------------------------------------
#     23                                   ***0***     Count coming in to IF
#     23              1                    ***0***         if (!$cast(tr, bus_item))
#                                          ***0***     All False Count
# Branch totals: 0 hits of 2 branches = 0.0%
# 
# ------------------------------------IF Branch------------------------------------
#     24                                   ***0***     Count coming in to IF
#     24              1                    ***0***           `uvm_fatal("RAL_ADAPTER", "bus2reg: cast failed")
#                                          ***0***     All False Count
# Branch totals: 0 hits of 2 branches = 0.0%
# 
# ------------------------------------IF Branch------------------------------------
#     26                                   ***0***     Count coming in to IF
#     26              1                    ***0***         rw.kind   = tr.pwrite ? UVM_WRITE : UVM_READ;
#     26              2                    ***0***         rw.kind   = tr.pwrite ? UVM_WRITE : UVM_READ;
# Branch totals: 0 hits of 2 branches = 0.0%
# 
# 
# Condition Coverage:
#     Enabled Coverage            Active   Covered    Misses % Covered
#     ----------------            ------      ----    ------ ---------
#     FEC Condition Terms              0         0         0     100.0
# Expression Coverage:
#     Enabled Coverage            Active   Covered    Misses % Covered
#     ----------------            ------      ----    ------ ---------
#     FEC Expression Terms             0         0         0     100.0
# FSM Coverage:
#     Enabled Coverage            Active      Hits    Misses % Covered
#     ----------------            ------      ----    ------ ---------
#     FSMs                                                       100.0
#         States                       0         0         0     100.0
#         Transitions                  0         0         0     100.0
# Toggle Coverage:
#     Enabled Coverage            Active      Hits    Misses % Covered
#     ----------------            ------      ----    ------ ---------
#     Toggle Bins                      0         0         0     100.0
# 
# ================================Toggle Details================================
# 
# Toggle Coverage for File ral_adapter.sv --
# 
#        Line                                   Node      1H->0L      0L->1H  "Coverage"
# --------------------------------------------------------------------------------------
# 
# Total Node Count     =          0 
# Toggled Node Count   =          0 
# Untoggled Node Count =          0 
# 
# Toggle Coverage      =      100.0% (0 of 0 bins)
# 
# =================================================================================
# === File: ral_agent.sv
# =================================================================================
# Statement Coverage:
#     Enabled Coverage            Active      Hits    Misses % Covered
#     ----------------            ------      ----    ------ ---------
#     Stmts                           10         0        10       0.0
# 
# ================================Statement Details================================
# 
# Statement Coverage for file ral_agent.sv --
# 
#     1                                                class ral_agent extends uvm_agent;
#     2               1                    ***0***       `uvm_component_utils(ral_agent)
#     2               2                    ***0***     
#     2               3                    ***0***     
#     3                                                
#     4                                                  ral_monitor mon;
#     5                                                  ral_driver drv;
#     6                                                  ral_sequencer seqr;
#     7                                                 // uvm_sequencer #(ral_seq_item) seqr;
#     8                                                
#     9                                                  function new(string name, uvm_component parent);
#     10              1                    ***0***         super.new(name, parent);
#     11                                                 endfunction
#     12                                               
#     13                                                 function void build_phase(uvm_phase phase);
#     14              1                    ***0***         super.build_phase(phase);
#     15              1                    ***0***         mon = ral_monitor::type_id::create("mon", this);
#     16              1                    ***0***         drv = ral_driver::type_id::create("drv", this);
#     17              1                    ***0***        seqr = ral_sequencer::type_id::create("seqr",this);
#     18                                               // seqr = uvm_sequencer#(ral_seq_item)::type_id::create("seqr", this);
#     19                                                 endfunction
#     20                                               
#     21                                                 function void connect_phase(uvm_phase phase);
#     22              1                    ***0***         super.connect_phase(phase);
#     23              1                    ***0***         drv.seq_item_port.connect(seqr.seq_item_export);
#     24                                                 endfunction
#     25                                               endclass
#     26                                               
# 
# Branch Coverage:
#     Enabled Coverage            Active      Hits    Misses % Covered
#     ----------------            ------      ----    ------ ---------
#     Branches                         0         0         0     100.0
# Condition Coverage:
#     Enabled Coverage            Active   Covered    Misses % Covered
#     ----------------            ------      ----    ------ ---------
#     FEC Condition Terms              0         0         0     100.0
# Expression Coverage:
#     Enabled Coverage            Active   Covered    Misses % Covered
#     ----------------            ------      ----    ------ ---------
#     FEC Expression Terms             0         0         0     100.0
# FSM Coverage:
#     Enabled Coverage            Active      Hits    Misses % Covered
#     ----------------            ------      ----    ------ ---------
#     FSMs                                                       100.0
#         States                       0         0         0     100.0
#         Transitions                  0         0         0     100.0
# Toggle Coverage:
#     Enabled Coverage            Active      Hits    Misses % Covered
#     ----------------            ------      ----    ------ ---------
#     Toggle Bins                      0         0         0     100.0
# 
# ================================Toggle Details================================
# 
# Toggle Coverage for File ral_agent.sv --
# 
#        Line                                   Node      1H->0L      0L->1H  "Coverage"
# --------------------------------------------------------------------------------------
# 
# Total Node Count     =          0 
# Toggled Node Count   =          0 
# Untoggled Node Count =          0 
# 
# Toggle Coverage      =      100.0% (0 of 0 bins)
# 
# =================================================================================
# === File: ral_driver.sv
# =================================================================================
# Statement Coverage:
#     Enabled Coverage            Active      Hits    Misses % Covered
#     ----------------            ------      ----    ------ ---------
#     Stmts                           50         0        50       0.0
# 
# ================================Statement Details================================
# 
# Statement Coverage for file ral_driver.sv --
# 
#     1                                                /*
#     2                                                class ral_driver extends uvm_driver #(ral_seq_item);
#     3                                                  `uvm_component_utils(ral_driver)
#     4                                                
#     5                                                  virtual ral_if vif;
#     6                                                  ral_seq_item tr;
#     7                                                
#     8                                                  function new(string name = "ral_driver", uvm_component parent = null);
#     9                                                    super.new(name, parent);
#     10                                                 endfunction
#     11                                               
#     12                                                 virtual function void build_phase(uvm_phase phase);
#     13                                                   super.build_phase(phase);
#     14                                                   if (!uvm_config_db#(virtual ral_if)::get(this, "", "vif", vif))
#     15                                                     `uvm_error("DRV", "Unable to access interface");
#     16                                                 endfunction
#     17                                               
#     18                                                 virtual task run_phase(uvm_phase phase);
#     19                                                   forever begin
#     20                                                     seq_item_port.get_next_item(tr);
#     21                                                     drive(tr);
#     22                                                     seq_item_port.item_done();
#     23                                                   end
#     24                                                 endtask
#     25                                               
#     26                                                 task drive(ral_seq_item tr);
#     27                                                   // APB protocol: IDLE ’ SETUP ’ ENABLE ’ IDLE
#     28                                                   // Step 1: Setup phase
#     29                                                   @(posedge vif.pclk);
#     30                                                   vif.psel    <= 1'b1;
#     31                                                   vif.penable <= 1'b0;
#     32                                                   vif.paddr   <= tr.paddr;
#     33                                                   vif.pwrite  <= tr.pwrite;
#     34                                                   vif.pwdata  <= tr.pwdata;
#     35                                               
#     36                                                   // Step 2: Enable phase
#     37                                                  repeat(2) @(posedge vif.pclk);
#     38                                                   vif.penable <= 1'b1;
#     39                                               
#     40                                                   // Step 3: Read PRDATA after enable (for reads)
#     41                                                   if (!tr.pwrite) begin
#     42                                                  repeat(2)   @(posedge vif.pclk);
#     43                                                     tr.prdata = vif.prdata;
#     44                                                     `uvm_info("DRV", $sformatf("READ -> ADDR: 0x%0h, DATA: 0x%0h", tr.paddr, tr.prdata), UVM_MEDIUM);
#     45                                                   end else begin
#     46                                                     `uvm_info("DRV", $sformatf("WRITE -> ADDR: 0x%0h, DATA: 0x%0h", tr.paddr, tr.pwdata), UVM_MEDIUM);
#     47                                                   end
#     48                                               
#     49                                                   // Step 4: Deassert
#     50                                                   @(posedge vif.pclk);
#     51                                                   vif.psel    <= 1'b0;
#     52                                                   vif.penable <= 1'b0;
#     53                                                   vif.pwdata  <= '0;
#     54                                                   vif.paddr   <= '0;
#     55                                                   vif.pwrite  <= '0;
#     56                                                 endtask
#     57                                               
#     58                                               endclass
#     59                                               */
#     60                                               
#     61                                               class ral_driver extends uvm_driver #(ral_seq_item);
#     62              1                    ***0***       `uvm_component_utils(ral_driver)
#     62              2                    ***0***     
#     62              3                    ***0***     
#     63                                               
#     64                                                 virtual ral_if vif;
#     65                                                 ral_seq_item tr;
#     66                                               
#     67                                                 function new(string name = "ral_driver", uvm_component parent = null);
#     68              1                    ***0***         super.new(name, parent);
#     69                                                 endfunction
#     70                                               
#     71                                                 virtual function void build_phase(uvm_phase phase);
#     72              1                    ***0***         super.build_phase(phase);
#     73                                                   if (!uvm_config_db#(virtual ral_if)::get(this, "", "vif", vif))
#     74              1                    ***0***           `uvm_error("DRV", "Unable to access interface");
#     75                                                 endfunction
#     76                                               
#     77                                                 virtual task run_phase(uvm_phase phase);
#     78              1                    ***0***         forever begin
#     79              1                    ***0***           seq_item_port.get_next_item(tr);
#     80              1                    ***0***           drive(tr);
#     81              1                    ***0***           seq_item_port.item_done();
#     82                                                   end
#     83                                                 endtask
#     84                                               
#     85                                                 task drive(ral_seq_item tr);
#     86                                                   // APB protocol: IDLE ’ SETUP ’ ENABLE ’ IDLE
#     87                                               
#     88                                                   // Step 1: Setup phase
#     89              1                    ***0***         @(posedge vif.pclk);
#     90              1                    ***0***         vif.psel    <= 1'b1;
#     91              1                    ***0***         vif.penable <= 1'b0;
#     92              1                    ***0***         vif.paddr   <= tr.paddr;
#     93              1                    ***0***         vif.pwrite  <= tr.pwrite;
#     94              1                    ***0***         vif.pwdata  <= tr.pwdata;
#     95                                               
#     96                                                   // Step 2: Enable phase
#     97              1                    ***0***         repeat(2) @(posedge vif.pclk);
#     97              2                    ***0***     
#     98              1                    ***0***         vif.penable <= 1'b1;
#     99                                               
#     100                                                  /* Step 3: Read PRDATA after enable (for reads)
#     101                                                  if (!tr.pwrite) begin
#     102                                                   repeat(2)  @(posedge vif.pclk);
#     103                                                    tr.prdata = vif.prdata;
#     104                                                    `uvm_info("DRV", $sformatf("READ -> ADDR: 0x%0h, DATA: 0x%0h", tr.paddr, tr.prdata), UVM_MEDIUM);
#     105                                                  end else begin
#     106                                                    `uvm_info("DRV", $sformatf("WRITE -> ADDR: 0x%0h, DATA: 0x%0h", tr.paddr, tr.pwdata), UVM_MEDIUM);
#     107                                                  end
#     108                                              */
#     109                                              
#     110                                                   if(tr.pwrite == 1'b1)
#     111                                                begin
#     112             1                    ***0***       @(posedge vif.pclk);
#     113             1                    ***0***       vif.presetn <= 1'b1;
#     114             1                    ***0***          vif.paddr <= tr.paddr;
#     115             1                    ***0***          vif.pwrite <= 1'b1;
#     116             1                    ***0***          vif.pwdata <= tr.pwdata;
#     117             1                    ***0***          vif.psel <= 1'b1;
#     118             1                    ***0***          repeat(2)@(posedge vif.pclk);
#     118             2                    ***0***     
#     119             1                    ***0***          vif.penable <= 1'b1;
#     120             1                    ***0***          `uvm_info("DRV", $sformatf("Data Write -> Wdata : %0h",vif.pwdata),UVM_NONE);
#     121             1                    ***0***          @(posedge vif.pclk);
#     122             1                    ***0***          vif.psel <= 1'b0;
#     123             1                    ***0***          vif.penable <=1'b0;
#     124                                                 end
#     125                                              else
#     126                                                begin
#     127             1                    ***0***          @(posedge vif.pclk);
#     128             1                    ***0***          vif.pwrite <= 1'b0;
#     129             1                    ***0***          vif.paddr <= tr.paddr;
#     130             1                    ***0***          vif.psel <= 1'b1;
#     131             1                    ***0***          repeat(2)@(posedge vif.pclk);
#     131             2                    ***0***     
#     132             1                    ***0***          vif.penable <= 1'b1;
#     133             1                    ***0***          `uvm_info("DRV", $sformatf("Data READ -> read data : %0h",vif.prdata),UVM_NONE);
#     134             1                    ***0***          @(posedge vif.pclk);
#     135             1                    ***0***          vif.psel <= 1'b0;
#     136             1                    ***0***          vif.penable <=1'b0;
#     137             1                    ***0***          tr.prdata = vif.prdata;
#     138                                                end
#     139                                              
#     140                                                  // Step 4: Deassert
#     141             1                    ***0***         @(posedge vif.pclk);
#     142             1                    ***0***         vif.psel    <= 1'b0;
#     143             1                    ***0***         vif.penable <= 1'b0;
#     144             1                    ***0***         vif.pwdata  <= '0;
#     145             1                    ***0***         vif.paddr   <= '0;
#     146             1                    ***0***         vif.pwrite  <= '0;
#     147                                                endtask
#     148                                              endclass
#     149                                              
# 
# Branch Coverage:
#     Enabled Coverage            Active      Hits    Misses % Covered
#     ----------------            ------      ----    ------ ---------
#     Branches                        10         0        10       0.0
# 
# ================================Branch Details================================
# 
# Branch Coverage for file ral_driver.sv --
# 
# ------------------------------------IF Branch------------------------------------
#     73                                   ***0***     Count coming in to IF
#     73              1                    ***0***         if (!uvm_config_db#(virtual ral_if)::get(this, "", "vif", vif))
#                                          ***0***     All False Count
# Branch totals: 0 hits of 2 branches = 0.0%
# 
# ------------------------------------IF Branch------------------------------------
#     74                                   ***0***     Count coming in to IF
#     74              1                    ***0***           `uvm_error("DRV", "Unable to access interface");
#                                          ***0***     All False Count
# Branch totals: 0 hits of 2 branches = 0.0%
# 
# ------------------------------------IF Branch------------------------------------
#     110                                  ***0***     Count coming in to IF
#     110             1                    ***0***          if(tr.pwrite == 1'b1)
#     125             1                    ***0***     else
# Branch totals: 0 hits of 2 branches = 0.0%
# 
# ------------------------------------IF Branch------------------------------------
#     120                                  ***0***     Count coming in to IF
#     120             1                    ***0***          `uvm_info("DRV", $sformatf("Data Write -> Wdata : %0h",vif.pwdata),UVM_NONE);
#                                          ***0***     All False Count
# Branch totals: 0 hits of 2 branches = 0.0%
# 
# ------------------------------------IF Branch------------------------------------
#     133                                  ***0***     Count coming in to IF
#     133             1                    ***0***          `uvm_info("DRV", $sformatf("Data READ -> read data : %0h",vif.prdata),UVM_NONE);
#                                          ***0***     All False Count
# Branch totals: 0 hits of 2 branches = 0.0%
# 
# 
# Condition Coverage:
#     Enabled Coverage            Active   Covered    Misses % Covered
#     ----------------            ------      ----    ------ ---------
#     FEC Condition Terms              0         0         0     100.0
# Expression Coverage:
#     Enabled Coverage            Active   Covered    Misses % Covered
#     ----------------            ------      ----    ------ ---------
#     FEC Expression Terms             0         0         0     100.0
# FSM Coverage:
#     Enabled Coverage            Active      Hits    Misses % Covered
#     ----------------            ------      ----    ------ ---------
#     FSMs                                                       100.0
#         States                       0         0         0     100.0
#         Transitions                  0         0         0     100.0
# Toggle Coverage:
#     Enabled Coverage            Active      Hits    Misses % Covered
#     ----------------            ------      ----    ------ ---------
#     Toggle Bins                      0         0         0     100.0
# 
# ================================Toggle Details================================
# 
# Toggle Coverage for File ral_driver.sv --
# 
#        Line                                   Node      1H->0L      0L->1H  "Coverage"
# --------------------------------------------------------------------------------------
# 
# Total Node Count     =          0 
# Toggled Node Count   =          0 
# Untoggled Node Count =          0 
# 
# Toggle Coverage      =      100.0% (0 of 0 bins)
# 
# =================================================================================
# === File: ral_env.sv
# =================================================================================
# Statement Coverage:
#     Enabled Coverage            Active      Hits    Misses % Covered
#     ----------------            ------      ----    ------ ---------
#     Stmts                           16         0        16       0.0
# 
# ================================Statement Details================================
# 
# Statement Coverage for file ral_env.sv --
# 
#     1                                                class ral_env extends uvm_env;
#     2                                                
#     3                                                  ral_agent       agent_inst;        // UVM Agent
#     4                                                  ral_reg_block   regmodel;          // RAL model
#     5                                                  ral_adapter     adapter_inst;      // Adapter for RAL <-> Bus
#     6                                                  ral_scoreboard  sc;                // Scoreboard for checking
#     7                                                
#     8               1                    ***0***       `uvm_component_utils(ral_env)
#     8               2                    ***0***     
#     8               3                    ***0***     
#     9                                                
#     10                                                 function new(string name = "ral_env", uvm_component parent = null);
#     11              1                    ***0***         super.new(name, parent);
#     12                                                 endfunction
#     13                                               
#     14                                                 // Build phase: create all components
#     15                                                 function void build_phase(uvm_phase phase);
#     16              1                    ***0***         super.build_phase(phase);
#     17                                                   
#     18              1                    ***0***         agent_inst    = ral_agent::type_id::create("agent_inst", this);
#     19              1                    ***0***         regmodel      = ral_reg_block::type_id::create("regmodel", this);
#     20              1                    ***0***         adapter_inst  = ral_adapter::type_id::create("adapter_inst", this);
#     21              1                    ***0***         sc            = ral_scoreboard::type_id::create("sc", this);
#     22                                               
#     23                                                   // Build the RAL model
#     24              1                    ***0***         regmodel.configure(null, "");
#     25              1                    ***0***         regmodel.build();
#     26              1                    ***0***         regmodel.lock_model();
#     27                                                 endfunction
#     28                                               
#     29                                                 // Connect phase: hook up monitor and RAL
#     30                                                 function void connect_phase(uvm_phase phase);
#     31              1                    ***0***         super.connect_phase(phase);
#     32                                               
#     33              1                    ***0***         agent_inst.mon.mon_ap.connect(sc.aport);
#     34                                               
#     35                                                   // Set RAL's default map with adapter and sequencer
#     36              1                    ***0***         regmodel.default_map.set_sequencer(.sequencer(agent_inst.seqr),
#     37                                                                                      .adapter(adapter_inst));
#     38              1                    ***0***         regmodel.default_map.set_base_addr(32'h00000000);
#     39                                               
#     40                                                   //regmodel.default_map.set_auto_predict(0);
#     41                                                 endfunction
#     42                                               
#     43                                               endclass
#     44                                               
# 
# Branch Coverage:
#     Enabled Coverage            Active      Hits    Misses % Covered
#     ----------------            ------      ----    ------ ---------
#     Branches                         0         0         0     100.0
# Condition Coverage:
#     Enabled Coverage            Active   Covered    Misses % Covered
#     ----------------            ------      ----    ------ ---------
#     FEC Condition Terms              0         0         0     100.0
# Expression Coverage:
#     Enabled Coverage            Active   Covered    Misses % Covered
#     ----------------            ------      ----    ------ ---------
#     FEC Expression Terms             0         0         0     100.0
# FSM Coverage:
#     Enabled Coverage            Active      Hits    Misses % Covered
#     ----------------            ------      ----    ------ ---------
#     FSMs                                                       100.0
#         States                       0         0         0     100.0
#         Transitions                  0         0         0     100.0
# Toggle Coverage:
#     Enabled Coverage            Active      Hits    Misses % Covered
#     ----------------            ------      ----    ------ ---------
#     Toggle Bins                      0         0         0     100.0
# 
# ================================Toggle Details================================
# 
# Toggle Coverage for File ral_env.sv --
# 
#        Line                                   Node      1H->0L      0L->1H  "Coverage"
# --------------------------------------------------------------------------------------
# 
# Total Node Count     =          0 
# Toggled Node Count   =          0 
# Untoggled Node Count =          0 
# 
# Toggle Coverage      =      100.0% (0 of 0 bins)
# 
# =================================================================================
# === File: ral_interface.sv
# =================================================================================
# Statement Coverage:
#     Enabled Coverage            Active      Hits    Misses % Covered
#     ----------------            ------      ----    ------ ---------
#     Stmts                            0         0         0     100.0
# Branch Coverage:
#     Enabled Coverage            Active      Hits    Misses % Covered
#     ----------------            ------      ----    ------ ---------
#     Branches                         0         0         0     100.0
# Condition Coverage:
#     Enabled Coverage            Active   Covered    Misses % Covered
#     ----------------            ------      ----    ------ ---------
#     FEC Condition Terms              0         0         0     100.0
# Expression Coverage:
#     Enabled Coverage            Active   Covered    Misses % Covered
#     ----------------            ------      ----    ------ ---------
#     FEC Expression Terms             0         0         0     100.0
# FSM Coverage:
#     Enabled Coverage            Active      Hits    Misses % Covered
#     ----------------            ------      ----    ------ ---------
#     FSMs                                                       100.0
#         States                       0         0         0     100.0
#         Transitions                  0         0         0     100.0
# Toggle Coverage:
#     Enabled Coverage            Active      Hits    Misses % Covered
#     ----------------            ------      ----    ------ ---------
#     Toggle Bins                    202         0       202       0.0
# 
# ================================Toggle Details================================
# 
# Toggle Coverage for File ral_interface.sv --
# 
#        Line                                   Node      1H->0L      0L->1H  "Coverage"
# --------------------------------------------------------------------------------------
#           1                                presetn           0           0        0.00 
#           1                                   pclk           0           0        0.00 
#           3                                   psel           0           0        0.00 
#           4                                penable           0           0        0.00 
#           5                                 pwrite           0           0        0.00 
#           6                               paddr[9]           0           0        0.00 
#           6                               paddr[8]           0           0        0.00 
#           6                               paddr[7]           0           0        0.00 
#           6                               paddr[6]           0           0        0.00 
#           6                               paddr[5]           0           0        0.00 
#           6                               paddr[4]           0           0        0.00 
#           6                               paddr[3]           0           0        0.00 
#           6                              paddr[31]           0           0        0.00 
#           6                              paddr[30]           0           0        0.00 
#           6                               paddr[2]           0           0        0.00 
#           6                              paddr[29]           0           0        0.00 
#           6                              paddr[28]           0           0        0.00 
#           6                              paddr[27]           0           0        0.00 
#           6                              paddr[26]           0           0        0.00 
#           6                              paddr[25]           0           0        0.00 
#           6                              paddr[24]           0           0        0.00 
#           6                              paddr[23]           0           0        0.00 
#           6                              paddr[22]           0           0        0.00 
#           6                              paddr[21]           0           0        0.00 
#           6                              paddr[20]           0           0        0.00 
#           6                               paddr[1]           0           0        0.00 
#           6                              paddr[19]           0           0        0.00 
#           6                              paddr[18]           0           0        0.00 
#           6                              paddr[17]           0           0        0.00 
#           6                              paddr[16]           0           0        0.00 
#           6                              paddr[15]           0           0        0.00 
#           6                              paddr[14]           0           0        0.00 
#           6                              paddr[13]           0           0        0.00 
#           6                              paddr[12]           0           0        0.00 
#           6                              paddr[11]           0           0        0.00 
#           6                              paddr[10]           0           0        0.00 
#           6                               paddr[0]           0           0        0.00 
#           7                              pwdata[9]           0           0        0.00 
#           7                              pwdata[8]           0           0        0.00 
#           7                              pwdata[7]           0           0        0.00 
#           7                              pwdata[6]           0           0        0.00 
#           7                              pwdata[5]           0           0        0.00 
#           7                              pwdata[4]           0           0        0.00 
#           7                              pwdata[3]           0           0        0.00 
#           7                             pwdata[31]           0           0        0.00 
#           7                             pwdata[30]           0           0        0.00 
#           7                              pwdata[2]           0           0        0.00 
#           7                             pwdata[29]           0           0        0.00 
#           7                             pwdata[28]           0           0        0.00 
#           7                             pwdata[27]           0           0        0.00 
#           7                             pwdata[26]           0           0        0.00 
#           7                             pwdata[25]           0           0        0.00 
#           7                             pwdata[24]           0           0        0.00 
#           7                             pwdata[23]           0           0        0.00 
#           7                             pwdata[22]           0           0        0.00 
#           7                             pwdata[21]           0           0        0.00 
#           7                             pwdata[20]           0           0        0.00 
#           7                              pwdata[1]           0           0        0.00 
#           7                             pwdata[19]           0           0        0.00 
#           7                             pwdata[18]           0           0        0.00 
#           7                             pwdata[17]           0           0        0.00 
#           7                             pwdata[16]           0           0        0.00 
#           7                             pwdata[15]           0           0        0.00 
#           7                             pwdata[14]           0           0        0.00 
#           7                             pwdata[13]           0           0        0.00 
#           7                             pwdata[12]           0           0        0.00 
#           7                             pwdata[11]           0           0        0.00 
#           7                             pwdata[10]           0           0        0.00 
#           7                              pwdata[0]           0           0        0.00 
#           8                              prdata[9]           0           0        0.00 
#           8                              prdata[8]           0           0        0.00 
#           8                              prdata[7]           0           0        0.00 
#           8                              prdata[6]           0           0        0.00 
#           8                              prdata[5]           0           0        0.00 
#           8                              prdata[4]           0           0        0.00 
#           8                              prdata[3]           0           0        0.00 
#           8                             prdata[31]           0           0        0.00 
#           8                             prdata[30]           0           0        0.00 
#           8                              prdata[2]           0           0        0.00 
#           8                             prdata[29]           0           0        0.00 
#           8                             prdata[28]           0           0        0.00 
#           8                             prdata[27]           0           0        0.00 
#           8                             prdata[26]           0           0        0.00 
#           8                             prdata[25]           0           0        0.00 
#           8                             prdata[24]           0           0        0.00 
#           8                             prdata[23]           0           0        0.00 
#           8                             prdata[22]           0           0        0.00 
#           8                             prdata[21]           0           0        0.00 
#           8                             prdata[20]           0           0        0.00 
#           8                              prdata[1]           0           0        0.00 
#           8                             prdata[19]           0           0        0.00 
#           8                             prdata[18]           0           0        0.00 
#           8                             prdata[17]           0           0        0.00 
#           8                             prdata[16]           0           0        0.00 
#           8                             prdata[15]           0           0        0.00 
#           8                             prdata[14]           0           0        0.00 
#           8                             prdata[13]           0           0        0.00 
#           8                             prdata[12]           0           0        0.00 
#           8                             prdata[11]           0           0        0.00 
#           8                             prdata[10]           0           0        0.00 
#           8                              prdata[0]           0           0        0.00 
# 
# Total Node Count     =        101 
# Toggled Node Count   =          0 
# Untoggled Node Count =        101 
# 
# Toggle Coverage      =        0.0% (0 of 202 bins)
# 
# =================================================================================
# === File: ral_monitor.sv
# =================================================================================
# Statement Coverage:
#     Enabled Coverage            Active      Hits    Misses % Covered
#     ----------------            ------      ----    ------ ---------
#     Stmts                           17         0        17       0.0
# 
# ================================Statement Details================================
# 
# Statement Coverage for file ral_monitor.sv --
# 
#     1                                                class ral_monitor extends uvm_monitor;
#     2               1                    ***0***       `uvm_component_utils(ral_monitor)
#     2               2                    ***0***     
#     2               3                    ***0***     
#     3                                                
#     4                                                  uvm_analysis_port #(ral_seq_item) mon_ap;
#     5                                                  virtual ral_if vif;
#     6                                                
#     7                                                  function new(string name = "ral_monitor", uvm_component parent);
#     8               1                    ***0***         super.new(name, parent);
#     9                                                  endfunction
#     10                                               
#     11                                                 function void build_phase(uvm_phase phase);
#     12              1                    ***0***         super.build_phase(phase);
#     13              1                    ***0***         mon_ap = new("mon_ap", this);
#     14                                               
#     15                                                   if (!uvm_config_db#(virtual ral_if)::get(this, "", "vif", vif))
#     16              1                    ***0***           `uvm_error("MON", "Error getting interface handle")
#     17                                                 endfunction
#     18                                               
#     19                                                 virtual task run_phase(uvm_phase phase);
#     20                                                   ral_seq_item tr;
#     21              1                    ***0***         forever begin
#     22              1                    ***0***           repeat(3) @(posedge vif.pclk); // sync with lower-case clock
#     22              2                    ***0***     
#     23              1                    ***0***           tr = ral_seq_item::type_id::create("tr");
#     24                                               
#     25              1                    ***0***           tr.pwrite = vif.pwrite;
#     26              1                    ***0***           tr.paddr  = vif.paddr;
#     27              1                    ***0***           tr.pwdata = vif.pwdata;
#     28              1                    ***0***           tr.prdata = vif.prdata;
#     29                                               
#     30              1                    ***0***           mon_ap.write(tr);
#     31                                               
#     32                                                     `uvm_info("MON", $sformatf("pwrite: %0b | paddr: 0x%0h | pwdata: 0x%0h | prdata: 0x%0h",
#     33              1                    ***0***                                      tr.pwrite, tr.paddr, tr.pwdata, tr.prdata), UVM_MEDIUM)
#     34                                                   end
#     35                                                 endtask
#     36                                               endclass
#     37                                               
# 
# Branch Coverage:
#     Enabled Coverage            Active      Hits    Misses % Covered
#     ----------------            ------      ----    ------ ---------
#     Branches                         6         0         6       0.0
# 
# ================================Branch Details================================
# 
# Branch Coverage for file ral_monitor.sv --
# 
# ------------------------------------IF Branch------------------------------------
#     15                                   ***0***     Count coming in to IF
#     15              1                    ***0***         if (!uvm_config_db#(virtual ral_if)::get(this, "", "vif", vif))
#                                          ***0***     All False Count
# Branch totals: 0 hits of 2 branches = 0.0%
# 
# ------------------------------------IF Branch------------------------------------
#     16                                   ***0***     Count coming in to IF
#     16              1                    ***0***           `uvm_error("MON", "Error getting interface handle")
#                                          ***0***     All False Count
# Branch totals: 0 hits of 2 branches = 0.0%
# 
# ------------------------------------IF Branch------------------------------------
#     33                                   ***0***     Count coming in to IF
#     33              1                    ***0***                                      tr.pwrite, tr.paddr, tr.pwdata, tr.prdata), UVM_MEDIUM)
#                                          ***0***     All False Count
# Branch totals: 0 hits of 2 branches = 0.0%
# 
# 
# Condition Coverage:
#     Enabled Coverage            Active   Covered    Misses % Covered
#     ----------------            ------      ----    ------ ---------
#     FEC Condition Terms              0         0         0     100.0
# Expression Coverage:
#     Enabled Coverage            Active   Covered    Misses % Covered
#     ----------------            ------      ----    ------ ---------
#     FEC Expression Terms             0         0         0     100.0
# FSM Coverage:
#     Enabled Coverage            Active      Hits    Misses % Covered
#     ----------------            ------      ----    ------ ---------
#     FSMs                                                       100.0
#         States                       0         0         0     100.0
#         Transitions                  0         0         0     100.0
# Toggle Coverage:
#     Enabled Coverage            Active      Hits    Misses % Covered
#     ----------------            ------      ----    ------ ---------
#     Toggle Bins                      0         0         0     100.0
# 
# ================================Toggle Details================================
# 
# Toggle Coverage for File ral_monitor.sv --
# 
#        Line                                   Node      1H->0L      0L->1H  "Coverage"
# --------------------------------------------------------------------------------------
# 
# Total Node Count     =          0 
# Toggled Node Count   =          0 
# Untoggled Node Count =          0 
# 
# Toggle Coverage      =      100.0% (0 of 0 bins)
# 
# =================================================================================
# === File: ral_reg_block.sv
# =================================================================================
# Statement Coverage:
#     Enabled Coverage            Active      Hits    Misses % Covered
#     ----------------            ------      ----    ------ ---------
#     Stmts                          122         0       122       0.0
# 
# ================================Statement Details================================
# 
# Statement Coverage for file ral_reg_block.sv --
# 
#     1                                                class slv_ctrl extends uvm_reg;
#     2               1                    ***0***       `uvm_object_utils(slv_ctrl)
#     2               2                    ***0***     
#     2               3                    ***0***     
#     2               4                    ***0***     
#     2               5                    ***0***     
#     2               6                    ***0***     
#     2               7                    ***0***     
#     2               8                    ***0***     
#     2               9                    ***0***     
#     2              10                    ***0***     
#     3                                                  rand uvm_reg_field ctrl;
#     4                                                
#     5                                                  // -------------------- Covergroup --------------------
#     6                                                  covergroup ctrl_cov;
#     7                                                    option.per_instance = 1;
#     8                                                    coverpoint ctrl.value[3:0] {
#     9                                                      bins low  = {[0:15]};
#     10                                                  //   bins med  = {[4:11]};
#     11                                                    // bins high = {[12:15]};
#     12                                                   }
#     13                                                 endgroup
#     14                                               
#     15                                                 // -------------------- Constructor --------------------
#     16                                                 function new(string name="slv_ctrl");
#     17              1                    ***0***         super.new(name, 4,UVM_CVR_FIELD_VALS); // Enable value coverage
#     18                                                   if (has_coverage(UVM_CVR_FIELD_VALS))
#     19              1                    ***0***           ctrl_cov = new();
#     20                                                 endfunction
#     21                                               
#     22                                                 // -------------------- Sample on Access --------------------
#     23                                                 virtual function void sample(uvm_reg_data_t data,
#     24                                                                              uvm_reg_data_t byte_en,
#     25                                                                              bit is_read,
#     26                                                                              uvm_reg_map map);
#     27              1                    ***0***         ctrl_cov.sample();
#     28                                                 endfunction
#     29                                               
#     30                                                 // -------------------- Sample on Explicit Call --------------------
#     31                                                 virtual function void sample_values();
#     32              1                    ***0***         super.sample_values();
#     33              1                    ***0***         ctrl_cov.sample();
#     34                                                 endfunction
#     35                                               
#     36                                                 // -------------------- Build Method --------------------
#     37                                                 function void build();
#     38              1                    ***0***         ctrl = uvm_reg_field::type_id::create("ctrl");
#     39              1                    ***0***         ctrl.configure(this, 4, 0, "RW", 0, 0, 1, 1, 1);
#     40                                                 endfunction
#     41                                               endclass
#     42                                               
#     43                                               class slv_reg1 extends uvm_reg;
#     44              1                    ***0***       `uvm_object_utils(slv_reg1)
#     44              2                    ***0***     
#     44              3                    ***0***     
#     44              4                    ***0***     
#     44              5                    ***0***     
#     44              6                    ***0***     
#     44              7                    ***0***     
#     44              8                    ***0***     
#     44              9                    ***0***     
#     44             10                    ***0***     
#     45                                                 rand uvm_reg_field reg1;
#     46                                               
#     47                                                 covergroup reg1_cov;
#     48                                                   option.per_instance = 1;
#     49                                                   coverpoint reg1.value[31:0] {
#     50                                                     bins low  = {[0:32'hFFFF_FFFF]};
#     51                                                     //bins low    = {[0:63]};
#     52                                                     //bins med = {[64:127]};
#     53                                                     //bins high   = {[128:255]};
#     54                                                   }
#     55                                                 endgroup
#     56                                               
#     57                                                 function new(string name="slv_reg1");
#     58              1                    ***0***         super.new(name,32,UVM_CVR_FIELD_VALS); // Enable field value coverage
#     59                                                   if (has_coverage(UVM_CVR_FIELD_VALS))
#     60              1                    ***0***           reg1_cov = new();
#     61                                                 endfunction
#     62                                               
#     63                                                 virtual function void sample(uvm_reg_data_t data,
#     64                                                                              uvm_reg_data_t byte_en,
#     65                                                                              bit is_read,
#     66                                                                              uvm_reg_map map);
#     67              1                    ***0***         reg1_cov.sample();
#     68                                                 endfunction
#     69                                               
#     70                                                 virtual function void sample_values();
#     71              1                    ***0***         super.sample_values();
#     72              1                    ***0***         reg1_cov.sample();
#     73                                                 endfunction
#     74                                               
#     75                                                 function void build();
#     76              1                    ***0***         reg1 = uvm_reg_field::type_id::create("reg1");
#     77              1                    ***0***         reg1.configure(this, 32, 0, "RW", 0, 32'hA5A5_0000, 1, 1, 1);
#     78                                                 endfunction
#     79                                               endclass
#     80                                               
#     81                                               
#     82                                               class slv_reg2 extends uvm_reg;
#     83              1                    ***0***       `uvm_object_utils(slv_reg2)
#     83              2                    ***0***     
#     83              3                    ***0***     
#     83              4                    ***0***     
#     83              5                    ***0***     
#     83              6                    ***0***     
#     83              7                    ***0***     
#     83              8                    ***0***     
#     83              9                    ***0***     
#     83             10                    ***0***     
#     84                                                 rand uvm_reg_field reg2;
#     85                                               
#     86                                                 covergroup reg2_cov;
#     87                                                   option.per_instance = 1;
#     88                                                   coverpoint reg2.value[31:0] {
#     89                                                     bins low  = {[0:32'hFFFF_FFFF]};
#     90                                                   //bins low    = {[0:63]};
#     91                                                  // bins mid = {[64:127]};
#     92                                                  // bins high   = {[128:255]};
#     93                                                   }
#     94                                                 endgroup
#     95                                               
#     96                                                 function new(string name="reg2");
#     97              1                    ***0***         super.new(name,32,UVM_CVR_FIELD_VALS);
#     98                                                   if (has_coverage(UVM_CVR_FIELD_VALS))
#     99              1                    ***0***           reg2_cov = new();
#     100                                                endfunction
#     101                                              
#     102                                                virtual function void sample(uvm_reg_data_t data,uvm_reg_data_t byte_en,bit is_read,uvm_reg_map map);
#     103             1                    ***0***         reg2_cov.sample();
#     104                                                endfunction
#     105                                              
#     106                                              
#     107                                                virtual function void sample_values();
#     108             1                    ***0***         super.sample_values();
#     109             1                    ***0***         reg2_cov.sample();
#     110             1                    ***0***         $display("the coverage is %0.2f",reg2_cov.get_inst_coverage);
#     111                                                endfunction
#     112                                              
#     113                                                function void build();
#     114             1                    ***0***         reg2 = uvm_reg_field::type_id::create("reg2");
#     115             1                    ***0***         reg2.configure(this, 32, 0, "RW", 0, 32'h1234_9876, 1, 1, 1);
#     116                                                endfunction
#     117                                              endclass
#     118                                              
#     119                                              
#     120                                              class slv_reg3 extends uvm_reg;
#     121             1                    ***0***       `uvm_object_utils(slv_reg3)
#     121             2                    ***0***     
#     121             3                    ***0***     
#     121             4                    ***0***     
#     121             5                    ***0***     
#     121             6                    ***0***     
#     121             7                    ***0***     
#     121             8                    ***0***     
#     121             9                    ***0***     
#     121            10                    ***0***     
#     122                                                rand uvm_reg_field reg3;
#     123                                              
#     124                                                // -------------------- Covergroup --------------------
#     125                                                covergroup reg3_cov;
#     126                                                  option.per_instance = 1;
#     127                                                  coverpoint reg3.value[31:0] {
#     128                                                    bins low  = {[0:32'hFFFF_FFFF]};
#     129                                                //    bins med  = {[64:127]};
#     130                                                  //  bins high = {[128:255]};
#     131                                                  }
#     132                                                endgroup
#     133                                              
#     134                                                // -------------------- Constructor --------------------
#     135                                                function new(string name="slv_reg3");
#     136             1                    ***0***         super.new(name, 32, UVM_CVR_FIELD_VALS);
#     137                                                  if (has_coverage(UVM_CVR_FIELD_VALS))
#     138             1                    ***0***           reg3_cov = new();
#     139                                                endfunction
#     140                                              
#     141                                                // -------------------- Sample on Access --------------------
#     142                                                virtual function void sample(uvm_reg_data_t data,
#     143                                                                             uvm_reg_data_t byte_en,
#     144                                                                             bit is_read,
#     145                                                                             uvm_reg_map map);
#     146             1                    ***0***         reg3_cov.sample();
#     147                                                endfunction
#     148                                              
#     149                                                // -------------------- Sample on Explicit Call --------------------
#     150                                                virtual function void sample_values();
#     151             1                    ***0***         super.sample_values();
#     152             1                    ***0***         reg3_cov.sample();
#     153                                                endfunction
#     154                                              
#     155                                                // -------------------- Build Method --------------------
#     156                                                function void build();
#     157             1                    ***0***         reg3 = uvm_reg_field::type_id::create("reg3");
#     158             1                    ***0***         reg3.configure(this, 32, 0, "RW", 0, 32'h5A5A_5555, 1, 1, 1);
#     159                                                endfunction
#     160                                              endclass
#     161                                              
#     162                                              
#     163                                              
#     164                                              class slv_reg4 extends uvm_reg;
#     165             1                    ***0***       `uvm_object_utils(slv_reg4)
#     165             2                    ***0***     
#     165             3                    ***0***     
#     165             4                    ***0***     
#     165             5                    ***0***     
#     165             6                    ***0***     
#     165             7                    ***0***     
#     165             8                    ***0***     
#     165             9                    ***0***     
#     165            10                    ***0***     
#     166                                                rand uvm_reg_field reg4;
#     167                                              
#     168                                                // -------------------- Covergroup --------------------
#     169                                                covergroup reg4_cov;
#     170                                                  option.per_instance = 1;
#     171                                                  coverpoint reg4.value[31:0] {
#     172                                                    bins low  = {[0:32'hFFFF_FFFF]};
#     173                                                    //bins low  = {[0:63]};
#     174                                                    //bins med  = {[64:127]};
#     175                                                   // bins high = {[128:255]};
#     176                                                  }
#     177                                                endgroup
#     178                                              
#     179                                                // -------------------- Constructor --------------------
#     180                                                function new(string name="slv_reg4");
#     181             1                    ***0***         super.new(name, 32, UVM_CVR_FIELD_VALS);
#     182                                                  if (has_coverage(UVM_CVR_FIELD_VALS))
#     183             1                    ***0***           reg4_cov = new();
#     184                                                endfunction
#     185                                              
#     186                                                // -------------------- Sample on Access --------------------
#     187                                                virtual function void sample(uvm_reg_data_t data,
#     188                                                                             uvm_reg_data_t byte_en,
#     189                                                                             bit is_read,
#     190                                                                             uvm_reg_map map);
#     191             1                    ***0***         reg4_cov.sample();
#     192                                                endfunction
#     193                                              
#     194                                                // -------------------- Sample on Explicit Call --------------------
#     195                                                virtual function void sample_values();
#     196             1                    ***0***         super.sample_values();
#     197             1                    ***0***         reg4_cov.sample();
#     198                                                endfunction
#     199                                              
#     200                                                // -------------------- Build Method --------------------
#     201                                                function void build();
#     202             1                    ***0***         reg4 = uvm_reg_field::type_id::create("reg4");
#     203             1                    ***0***         reg4.configure(this, 32, 0, "RW", 0, 32'h0000_FFFF, 1, 1, 1);
#     204                                                endfunction
#     205                                              endclass
#     206                                              
#     207                                              
#     208                                              class ral_reg_block extends uvm_reg_block;
#     209             1                    ***0***       `uvm_object_utils(ral_reg_block)
#     209             2                    ***0***     
#     209             3                    ***0***     
#     209             4                    ***0***     
#     209             5                    ***0***     
#     209             6                    ***0***     
#     209             7                    ***0***     
#     209             8                    ***0***     
#     209             9                    ***0***     
#     209            10                    ***0***     
#     210                                               
#     211                                                slv_ctrl ctrl1;
#     212                                                slv_reg1 r1;
#     213                                                slv_reg2 r2;
#     214                                                slv_reg3 r3;
#     215                                                slv_reg4 r4;
#     216                                                
#     217                                                function new(string name="top_reg_block");
#     218             1                    ***0***         super.new(name, UVM_NO_COVERAGE);
#     219                                                endfunction
#     220                                              
#     221                                                function void build();
#     222             1                    ***0***         ctrl1 = slv_ctrl::type_id::create("ctrl1");
#     223             1                    ***0***         ctrl1.build();
#     224             1                    ***0***         ctrl1.configure(this);
#     225                                              
#     226             1                    ***0***         r1 = slv_reg1::type_id::create("r1");
#     227             1                    ***0***         r1.build();
#     228             1                    ***0***         r1.configure(this);
#     229                                              
#     230             1                    ***0***         r2 = slv_reg2::type_id::create("r2");
#     231             1                    ***0***         r2.build();
#     232             1                    ***0***         r2.configure(this);
#     233             1                    ***0***         r2.add_hdl_path_slice("reg2",0,32);
#     234                                              
#     235             1                    ***0***         r3 = slv_reg3::type_id::create("r3");
#     236             1                    ***0***         r3.build();
#     237             1                    ***0***         r3.configure(this);
#     238                                                  
#     239             1                    ***0***         r4 = slv_reg4::type_id::create("r4");
#     240             1                    ***0***         r4.build();
#     241             1                    ***0***         r4.configure(this);
#     242                                                  
#     243             1                    ***0***         default_map = create_map("default_map", 0, 4, UVM_LITTLE_ENDIAN);
#     244             1                    ***0***         default_map.add_reg(ctrl1, 'h0, "RW");
#     245             1                    ***0***         default_map.add_reg(r1, 'h4, "RW");
#     246             1                    ***0***         default_map.add_reg(r2, 'h8, "RW");
#     247             1                    ***0***         default_map.add_reg(r3, 'hc, "RW");
#     248             1                    ***0***         default_map.add_reg(r4, 'h10, "RW");
#     249                                                  
#     250             1                    ***0***         default_map.set_auto_predict(1);
#     251                                                 // add_hdl_path ("dut", "RTL");
#     252             1                    ***0***         add_hdl_path("tb.dut","RTL");
#     253             1                    ***0***         lock_model();
#     254                                                endfunction
#     255                                              endclass
#     256                                              
#     257                                              module tb;
#     258                                                top_reg_block t1;
#     259                                                initial begin
#     260                                                  t1 = new("top_reg_block");
#     261                                                  t1.build();
#     262                                                end
#     263                                              endmodule
#     264                                              
#     265                                              
#     266                                              
#     267                                              
#     268                                              
#     269                                              
#     270                                              
#     271                                              
#     272                                              
#     273                                              
#     274                                              
#     275                                              
#     276                                              
#     277                                              
#     278                                              
# 
# Branch Coverage:
#     Enabled Coverage            Active      Hits    Misses % Covered
#     ----------------            ------      ----    ------ ---------
#     Branches                        70         0        70       0.0
# 
# ================================Branch Details================================
# 
# Branch Coverage for file ral_reg_block.sv --
# 
# ------------------------------------IF Branch------------------------------------
#     2                                    ***0***     Count coming in to IF
#     2               1                    ***0***       `uvm_object_utils(slv_ctrl)
#                                          ***0***     All False Count
# Branch totals: 0 hits of 2 branches = 0.0%
# 
# ------------------------------------IF Branch------------------------------------
#     2                                    ***0***     Count coming in to IF
#     2               2                    ***0***       `uvm_object_utils(slv_ctrl)
#                                          ***0***     All False Count
# Branch totals: 0 hits of 2 branches = 0.0%
# 
# ------------------------------------IF Branch------------------------------------
#     2                                    ***0***     Count coming in to IF
#     2               3                    ***0***       `uvm_object_utils(slv_ctrl)
#     2               4                    ***0***       `uvm_object_utils(slv_ctrl)
# Branch totals: 0 hits of 2 branches = 0.0%
# 
# ------------------------------------IF Branch------------------------------------
#     2                                    ***0***     Count coming in to IF
#     2               5                    ***0***       `uvm_object_utils(slv_ctrl)
#                                          ***0***     All False Count
# Branch totals: 0 hits of 2 branches = 0.0%
# 
# ------------------------------------IF Branch------------------------------------
#     2                                    ***0***     Count coming in to IF
#     2               6                    ***0***       `uvm_object_utils(slv_ctrl)
#                                          ***0***     All False Count
# Branch totals: 0 hits of 2 branches = 0.0%
# 
# ------------------------------------IF Branch------------------------------------
#     18                                   ***0***     Count coming in to IF
#     18              1                    ***0***         if (has_coverage(UVM_CVR_FIELD_VALS))
#                                          ***0***     All False Count
# Branch totals: 0 hits of 2 branches = 0.0%
# 
# ------------------------------------IF Branch------------------------------------
#     44                                   ***0***     Count coming in to IF
#     44              1                    ***0***       `uvm_object_utils(slv_reg1)
#                                          ***0***     All False Count
# Branch totals: 0 hits of 2 branches = 0.0%
# 
# ------------------------------------IF Branch------------------------------------
#     44                                   ***0***     Count coming in to IF
#     44              2                    ***0***       `uvm_object_utils(slv_reg1)
#                                          ***0***     All False Count
# Branch totals: 0 hits of 2 branches = 0.0%
# 
# ------------------------------------IF Branch------------------------------------
#     44                                   ***0***     Count coming in to IF
#     44              3                    ***0***       `uvm_object_utils(slv_reg1)
#     44              4                    ***0***       `uvm_object_utils(slv_reg1)
# Branch totals: 0 hits of 2 branches = 0.0%
# 
# ------------------------------------IF Branch------------------------------------
#     44                                   ***0***     Count coming in to IF
#     44              5                    ***0***       `uvm_object_utils(slv_reg1)
#                                          ***0***     All False Count
# Branch totals: 0 hits of 2 branches = 0.0%
# 
# ------------------------------------IF Branch------------------------------------
#     44                                   ***0***     Count coming in to IF
#     44              6                    ***0***       `uvm_object_utils(slv_reg1)
#                                          ***0***     All False Count
# Branch totals: 0 hits of 2 branches = 0.0%
# 
# ------------------------------------IF Branch------------------------------------
#     59                                   ***0***     Count coming in to IF
#     59              1                    ***0***         if (has_coverage(UVM_CVR_FIELD_VALS))
#                                          ***0***     All False Count
# Branch totals: 0 hits of 2 branches = 0.0%
# 
# ------------------------------------IF Branch------------------------------------
#     83                                   ***0***     Count coming in to IF
#     83              1                    ***0***       `uvm_object_utils(slv_reg2)
#                                          ***0***     All False Count
# Branch totals: 0 hits of 2 branches = 0.0%
# 
# ------------------------------------IF Branch------------------------------------
#     83                                   ***0***     Count coming in to IF
#     83              2                    ***0***       `uvm_object_utils(slv_reg2)
#                                          ***0***     All False Count
# Branch totals: 0 hits of 2 branches = 0.0%
# 
# ------------------------------------IF Branch------------------------------------
#     83                                   ***0***     Count coming in to IF
#     83              3                    ***0***       `uvm_object_utils(slv_reg2)
#     83              4                    ***0***       `uvm_object_utils(slv_reg2)
# Branch totals: 0 hits of 2 branches = 0.0%
# 
# ------------------------------------IF Branch------------------------------------
#     83                                   ***0***     Count coming in to IF
#     83              5                    ***0***       `uvm_object_utils(slv_reg2)
#                                          ***0***     All False Count
# Branch totals: 0 hits of 2 branches = 0.0%
# 
# ------------------------------------IF Branch------------------------------------
#     83                                   ***0***     Count coming in to IF
#     83              6                    ***0***       `uvm_object_utils(slv_reg2)
#                                          ***0***     All False Count
# Branch totals: 0 hits of 2 branches = 0.0%
# 
# ------------------------------------IF Branch------------------------------------
#     98                                   ***0***     Count coming in to IF
#     98              1                    ***0***         if (has_coverage(UVM_CVR_FIELD_VALS))
#                                          ***0***     All False Count
# Branch totals: 0 hits of 2 branches = 0.0%
# 
# ------------------------------------IF Branch------------------------------------
#     121                                  ***0***     Count coming in to IF
#     121             1                    ***0***       `uvm_object_utils(slv_reg3)
#                                          ***0***     All False Count
# Branch totals: 0 hits of 2 branches = 0.0%
# 
# ------------------------------------IF Branch------------------------------------
#     121                                  ***0***     Count coming in to IF
#     121             2                    ***0***       `uvm_object_utils(slv_reg3)
#                                          ***0***     All False Count
# Branch totals: 0 hits of 2 branches = 0.0%
# 
# ------------------------------------IF Branch------------------------------------
#     121                                  ***0***     Count coming in to IF
#     121             3                    ***0***       `uvm_object_utils(slv_reg3)
#     121             4                    ***0***       `uvm_object_utils(slv_reg3)
# Branch totals: 0 hits of 2 branches = 0.0%
# 
# ------------------------------------IF Branch------------------------------------
#     121                                  ***0***     Count coming in to IF
#     121             5                    ***0***       `uvm_object_utils(slv_reg3)
#                                          ***0***     All False Count
# Branch totals: 0 hits of 2 branches = 0.0%
# 
# ------------------------------------IF Branch------------------------------------
#     121                                  ***0***     Count coming in to IF
#     121             6                    ***0***       `uvm_object_utils(slv_reg3)
#                                          ***0***     All False Count
# Branch totals: 0 hits of 2 branches = 0.0%
# 
# ------------------------------------IF Branch------------------------------------
#     137                                  ***0***     Count coming in to IF
#     137             1                    ***0***         if (has_coverage(UVM_CVR_FIELD_VALS))
#                                          ***0***     All False Count
# Branch totals: 0 hits of 2 branches = 0.0%
# 
# ------------------------------------IF Branch------------------------------------
#     165                                  ***0***     Count coming in to IF
#     165             1                    ***0***       `uvm_object_utils(slv_reg4)
#                                          ***0***     All False Count
# Branch totals: 0 hits of 2 branches = 0.0%
# 
# ------------------------------------IF Branch------------------------------------
#     165                                  ***0***     Count coming in to IF
#     165             2                    ***0***       `uvm_object_utils(slv_reg4)
#                                          ***0***     All False Count
# Branch totals: 0 hits of 2 branches = 0.0%
# 
# ------------------------------------IF Branch------------------------------------
#     165                                  ***0***     Count coming in to IF
#     165             3                    ***0***       `uvm_object_utils(slv_reg4)
#     165             4                    ***0***       `uvm_object_utils(slv_reg4)
# Branch totals: 0 hits of 2 branches = 0.0%
# 
# ------------------------------------IF Branch------------------------------------
#     165                                  ***0***     Count coming in to IF
#     165             5                    ***0***       `uvm_object_utils(slv_reg4)
#                                          ***0***     All False Count
# Branch totals: 0 hits of 2 branches = 0.0%
# 
# ------------------------------------IF Branch------------------------------------
#     165                                  ***0***     Count coming in to IF
#     165             6                    ***0***       `uvm_object_utils(slv_reg4)
#                                          ***0***     All False Count
# Branch totals: 0 hits of 2 branches = 0.0%
# 
# ------------------------------------IF Branch------------------------------------
#     182                                  ***0***     Count coming in to IF
#     182             1                    ***0***         if (has_coverage(UVM_CVR_FIELD_VALS))
#                                          ***0***     All False Count
# Branch totals: 0 hits of 2 branches = 0.0%
# 
# ------------------------------------IF Branch------------------------------------
#     209                                  ***0***     Count coming in to IF
#     209             1                    ***0***       `uvm_object_utils(ral_reg_block)
#                                          ***0***     All False Count
# Branch totals: 0 hits of 2 branches = 0.0%
# 
# ------------------------------------IF Branch------------------------------------
#     209                                  ***0***     Count coming in to IF
#     209             2                    ***0***       `uvm_object_utils(ral_reg_block)
#                                          ***0***     All False Count
# Branch totals: 0 hits of 2 branches = 0.0%
# 
# ------------------------------------IF Branch------------------------------------
#     209                                  ***0***     Count coming in to IF
#     209             3                    ***0***       `uvm_object_utils(ral_reg_block)
#     209             4                    ***0***       `uvm_object_utils(ral_reg_block)
# Branch totals: 0 hits of 2 branches = 0.0%
# 
# ------------------------------------IF Branch------------------------------------
#     209                                  ***0***     Count coming in to IF
#     209             5                    ***0***       `uvm_object_utils(ral_reg_block)
#                                          ***0***     All False Count
# Branch totals: 0 hits of 2 branches = 0.0%
# 
# ------------------------------------IF Branch------------------------------------
#     209                                  ***0***     Count coming in to IF
#     209             6                    ***0***       `uvm_object_utils(ral_reg_block)
#                                          ***0***     All False Count
# Branch totals: 0 hits of 2 branches = 0.0%
# 
# 
# Condition Coverage:
#     Enabled Coverage            Active   Covered    Misses % Covered
#     ----------------            ------      ----    ------ ---------
#     FEC Condition Terms              0         0         0     100.0
# Expression Coverage:
#     Enabled Coverage            Active   Covered    Misses % Covered
#     ----------------            ------      ----    ------ ---------
#     FEC Expression Terms             0         0         0     100.0
# FSM Coverage:
#     Enabled Coverage            Active      Hits    Misses % Covered
#     ----------------            ------      ----    ------ ---------
#     FSMs                                                       100.0
#         States                       0         0         0     100.0
#         Transitions                  0         0         0     100.0
# Toggle Coverage:
#     Enabled Coverage            Active      Hits    Misses % Covered
#     ----------------            ------      ----    ------ ---------
#     Toggle Bins                      0         0         0     100.0
# 
# ================================Toggle Details================================
# 
# Toggle Coverage for File ral_reg_block.sv --
# 
#        Line                                   Node      1H->0L      0L->1H  "Coverage"
# --------------------------------------------------------------------------------------
# 
# Total Node Count     =          0 
# Toggled Node Count   =          0 
# Untoggled Node Count =          0 
# 
# Toggle Coverage      =      100.0% (0 of 0 bins)
# 
# =================================================================================
# === File: ral_scoreboard.sv
# =================================================================================
# Statement Coverage:
#     Enabled Coverage            Active      Hits    Misses % Covered
#     ----------------            ------      ----    ------ ---------
#     Stmts                           10         0        10       0.0
# 
# ================================Statement Details================================
# 
# Statement Coverage for file ral_scoreboard.sv --
# 
#     1                                                class ral_scoreboard extends uvm_scoreboard;
#     2               1                    ***0***       `uvm_component_utils(ral_scoreboard)
#     2               2                    ***0***     
#     2               3                    ***0***     
#     3                                                
#     4                                                  uvm_analysis_imp#(ral_seq_item, ral_scoreboard) aport;
#     5                                                  bit [31:0] expected_mem [16];
#     6                                                
#     7                                                  function new(string name = "ral_scoreboard", uvm_component parent = null);
#     8               1                    ***0***         super.new(name, parent);
#     9                                                  endfunction
#     10                                               
#     11                                                 virtual function void build_phase(uvm_phase phase);
#     12              1                    ***0***         super.build_phase(phase);
#     13              1                    ***0***         aport = new("aport", this);
#     14                                                 endfunction
#     15                                               
#     16                                                 virtual function void write(ral_seq_item tr);
#     17                                                   if (tr.pwrite) begin
#     18              1                    ***0***           expected_mem[tr.paddr] = tr.pwdata;
#     19              1                    ***0***           `uvm_info("SCOREBOARD", $sformatf("WRITE: Addr = %0h, Data = %0h", tr.paddr, tr.pwdata), UVM_MEDIUM);
#     20                                                   end else begin
#     21                                                     if (expected_mem[tr.paddr] !== tr.prdata) begin
#     22                                                       `uvm_error("SCOREBOARD", $sformatf("MISMATCH at Addr = %0h | Expected = %0h | Got = %0h",
#     23              1                    ***0***                                                tr.paddr, expected_mem[tr.paddr], tr.prdata));
#     24                                                     end else begin
#     25              1                    ***0***             `uvm_info("SCOREBOARD", $sformatf("READ MATCH: Addr = %0h, Data = %0h", tr.paddr, tr.prdata), UVM_MEDIUM);
#     26                                                     end
#     27                                                   end
#     28                                                 endfunction
#     29                                               endclass
#     30                                               
# 
# Branch Coverage:
#     Enabled Coverage            Active      Hits    Misses % Covered
#     ----------------            ------      ----    ------ ---------
#     Branches                        10         0        10       0.0
# 
# ================================Branch Details================================
# 
# Branch Coverage for file ral_scoreboard.sv --
# 
# ------------------------------------IF Branch------------------------------------
#     17                                   ***0***     Count coming in to IF
#     17              1                    ***0***         if (tr.pwrite) begin
#     20              1                    ***0***         end else begin
# Branch totals: 0 hits of 2 branches = 0.0%
# 
# ------------------------------------IF Branch------------------------------------
#     19                                   ***0***     Count coming in to IF
#     19              1                    ***0***           `uvm_info("SCOREBOARD", $sformatf("WRITE: Addr = %0h, Data = %0h", tr.paddr, tr.pwdata), UVM_MEDIUM);
#                                          ***0***     All False Count
# Branch totals: 0 hits of 2 branches = 0.0%
# 
# ------------------------------------IF Branch------------------------------------
#     21                                   ***0***     Count coming in to IF
#     21              1                    ***0***           if (expected_mem[tr.paddr] !== tr.prdata) begin
#     24              1                    ***0***           end else begin
# Branch totals: 0 hits of 2 branches = 0.0%
# 
# ------------------------------------IF Branch------------------------------------
#     23                                   ***0***     Count coming in to IF
#     23              1                    ***0***                                                tr.paddr, expected_mem[tr.paddr], tr.prdata));
#                                          ***0***     All False Count
# Branch totals: 0 hits of 2 branches = 0.0%
# 
# ------------------------------------IF Branch------------------------------------
#     25                                   ***0***     Count coming in to IF
#     25              1                    ***0***             `uvm_info("SCOREBOARD", $sformatf("READ MATCH: Addr = %0h, Data = %0h", tr.paddr, tr.prdata), UVM_MEDIUM);
#                                          ***0***     All False Count
# Branch totals: 0 hits of 2 branches = 0.0%
# 
# 
# Condition Coverage:
#     Enabled Coverage            Active   Covered    Misses % Covered
#     ----------------            ------      ----    ------ ---------
#     FEC Condition Terms              0         0         0     100.0
# Expression Coverage:
#     Enabled Coverage            Active   Covered    Misses % Covered
#     ----------------            ------      ----    ------ ---------
#     FEC Expression Terms             0         0         0     100.0
# FSM Coverage:
#     Enabled Coverage            Active      Hits    Misses % Covered
#     ----------------            ------      ----    ------ ---------
#     FSMs                                                       100.0
#         States                       0         0         0     100.0
#         Transitions                  0         0         0     100.0
# Toggle Coverage:
#     Enabled Coverage            Active      Hits    Misses % Covered
#     ----------------            ------      ----    ------ ---------
#     Toggle Bins                      0         0         0     100.0
# 
# ================================Toggle Details================================
# 
# Toggle Coverage for File ral_scoreboard.sv --
# 
#        Line                                   Node      1H->0L      0L->1H  "Coverage"
# --------------------------------------------------------------------------------------
# 
# Total Node Count     =          0 
# Toggled Node Count   =          0 
# Untoggled Node Count =          0 
# 
# Toggle Coverage      =      100.0% (0 of 0 bins)
# 
# =================================================================================
# === File: ral_seq_item.sv
# =================================================================================
# Statement Coverage:
#     Enabled Coverage            Active      Hits    Misses % Covered
#     ----------------            ------      ----    ------ ---------
#     Stmts                           11         0        11       0.0
# 
# ================================Statement Details================================
# 
# Statement Coverage for file ral_seq_item.sv --
# 
#     1                                                class ral_seq_item extends uvm_sequence_item;
#     2                                                  rand bit        pwrite;
#     3                                                  rand bit [31:0] paddr;
#     4                                                  rand bit [31:0] pwdata;
#     5                                                       bit [31:0] prdata;
#     6                                                
#     7               1                    ***0***       `uvm_object_utils(ral_seq_item)
#     7               2                    ***0***     
#     7               3                    ***0***     
#     7               4                    ***0***     
#     7               5                    ***0***     
#     7               6                    ***0***     
#     7               7                    ***0***     
#     7               8                    ***0***     
#     7               9                    ***0***     
#     7              10                    ***0***     
#     8                                                
#     9                                                  function new(string name = "ral_seq_item");
#     10              1                    ***0***         super.new(name);
#     11                                                 endfunction
#     12                                               endclass
#     13                                               
# 
# Branch Coverage:
#     Enabled Coverage            Active      Hits    Misses % Covered
#     ----------------            ------      ----    ------ ---------
#     Branches                        10         0        10       0.0
# 
# ================================Branch Details================================
# 
# Branch Coverage for file ral_seq_item.sv --
# 
# ------------------------------------IF Branch------------------------------------
#     7                                    ***0***     Count coming in to IF
#     7               1                    ***0***       `uvm_object_utils(ral_seq_item)
#                                          ***0***     All False Count
# Branch totals: 0 hits of 2 branches = 0.0%
# 
# ------------------------------------IF Branch------------------------------------
#     7                                    ***0***     Count coming in to IF
#     7               2                    ***0***       `uvm_object_utils(ral_seq_item)
#                                          ***0***     All False Count
# Branch totals: 0 hits of 2 branches = 0.0%
# 
# ------------------------------------IF Branch------------------------------------
#     7                                    ***0***     Count coming in to IF
#     7               3                    ***0***       `uvm_object_utils(ral_seq_item)
#     7               4                    ***0***       `uvm_object_utils(ral_seq_item)
# Branch totals: 0 hits of 2 branches = 0.0%
# 
# ------------------------------------IF Branch------------------------------------
#     7                                    ***0***     Count coming in to IF
#     7               5                    ***0***       `uvm_object_utils(ral_seq_item)
#                                          ***0***     All False Count
# Branch totals: 0 hits of 2 branches = 0.0%
# 
# ------------------------------------IF Branch------------------------------------
#     7                                    ***0***     Count coming in to IF
#     7               6                    ***0***       `uvm_object_utils(ral_seq_item)
#                                          ***0***     All False Count
# Branch totals: 0 hits of 2 branches = 0.0%
# 
# 
# Condition Coverage:
#     Enabled Coverage            Active   Covered    Misses % Covered
#     ----------------            ------      ----    ------ ---------
#     FEC Condition Terms              0         0         0     100.0
# Expression Coverage:
#     Enabled Coverage            Active   Covered    Misses % Covered
#     ----------------            ------      ----    ------ ---------
#     FEC Expression Terms             0         0         0     100.0
# FSM Coverage:
#     Enabled Coverage            Active      Hits    Misses % Covered
#     ----------------            ------      ----    ------ ---------
#     FSMs                                                       100.0
#         States                       0         0         0     100.0
#         Transitions                  0         0         0     100.0
# Toggle Coverage:
#     Enabled Coverage            Active      Hits    Misses % Covered
#     ----------------            ------      ----    ------ ---------
#     Toggle Bins                      0         0         0     100.0
# 
# ================================Toggle Details================================
# 
# Toggle Coverage for File ral_seq_item.sv --
# 
#        Line                                   Node      1H->0L      0L->1H  "Coverage"
# --------------------------------------------------------------------------------------
# 
# Total Node Count     =          0 
# Toggled Node Count   =          0 
# Untoggled Node Count =          0 
# 
# Toggle Coverage      =      100.0% (0 of 0 bins)
# 
# =================================================================================
# === File: ral_sequence.sv
# =================================================================================
# Statement Coverage:
#     Enabled Coverage            Active      Hits    Misses % Covered
#     ----------------            ------      ----    ------ ---------
#     Stmts                          159         0       159       0.0
# 
# ================================Statement Details================================
# 
# Statement Coverage for file ral_sequence.sv --
# 
#     1                                                class ral_write_read_sequence extends uvm_sequence;
#     2               1                    ***0***       `uvm_object_utils(ral_write_read_sequence)
#     2               2                    ***0***     
#     2               3                    ***0***     
#     2               4                    ***0***     
#     2               5                    ***0***     
#     2               6                    ***0***     
#     2               7                    ***0***     
#     2               8                    ***0***     
#     2               9                    ***0***     
#     2              10                    ***0***     
#     3                                                
#     4                                                  ral_reg_block regmodel;
#     5                                                
#     6                                                  function new(string name = "ral_write_read_sequence");
#     7               1                    ***0***         super.new(name);
#     8                                                  endfunction
#     9                                                
#     10                                                 virtual task body;
#     11                                                   uvm_status_e status;
#     12                                                   bit [31:0] rdata, rdata_m, dout;
#     13                                               
#     14                                                   ///////////////// CTRL ///////////////////////
#     15              1                    ***0***         `uvm_info("SEQ", "====== CTRL ======", UVM_NONE);
#     16                                               
#     17              1                    ***0***         rdata   = regmodel.ctrl1.get();
#     18              1                    ***0***         rdata_m = regmodel.ctrl1.get_mirrored_value();
#     19              1                    ***0***         `uvm_info("SEQ", $sformatf("Initial CTRL -> Desired: %0h, Mirrored: %0h", rdata, rdata_m), UVM_NONE);
#     20                                               
#     21              1                    ***0***         regmodel.ctrl1.set(4'hA);
#     22              1                    ***0***         rdata   = regmodel.ctrl1.get();
#     23              1                    ***0***         rdata_m = regmodel.ctrl1.get_mirrored_value();
#     24              1                    ***0***         `uvm_info("SEQ", $sformatf("After set CTRL -> Desired: %0h, Mirrored: %0h", rdata, rdata_m), UVM_NONE);
#     25                                               
#     26              1                    ***0***         regmodel.ctrl1.update(status);
#     27              1                    ***0***         rdata   = regmodel.ctrl1.get();
#     28              1                    ***0***         rdata_m = regmodel.ctrl1.get_mirrored_value();
#     29              1                    ***0***         `uvm_info("SEQ", $sformatf("After update CTRL -> Desired: %0h, Mirrored: %0h, Read: %0h", rdata, rdata_m, dout), UVM_NONE);
#     30                                               
#     31              1                    ***0***         regmodel.ctrl1.write(status, 4'hA);
#     32              1                    ***0***         rdata   = regmodel.ctrl1.get();
#     33              1                    ***0***         rdata_m = regmodel.ctrl1.get_mirrored_value();
#     34              1                    ***0***         `uvm_info("SEQ", $sformatf("After write CTRL -> Desired: %0h, Mirrored: %0h, Read: %0h", rdata, rdata_m, dout), UVM_NONE);
#     35                                               
#     36              1                    ***0***         regmodel.ctrl1.read(status, dout);
#     37              1                    ***0***         rdata   = regmodel.ctrl1.get();
#     38              1                    ***0***         rdata_m = regmodel.ctrl1.get_mirrored_value();
#     39              1                    ***0***         `uvm_info("SEQ", $sformatf("After read CTRL -> Desired: %0h, Mirrored: %0h, Read: %0h", rdata, rdata_m, dout), UVM_NONE);
#     40                                               
#     41                                               
#     42                                                   ///////////////// R1 ///////////////////////
#     43              1                    ***0***         `uvm_info("SEQ", "====== R1 ======", UVM_NONE);
#     44                                               
#     45              1                    ***0***         rdata   = regmodel.r1.get();
#     46              1                    ***0***         rdata_m = regmodel.r1.get_mirrored_value();
#     47              1                    ***0***         `uvm_info("SEQ", $sformatf("Initial R1 -> Desired: %0h, Mirrored: %0h", rdata, rdata_m), UVM_NONE);
#     48                                               
#     49              1                    ***0***         regmodel.r1.set(8'hA5);
#     50              1                    ***0***         rdata   = regmodel.r1.get();
#     51              1                    ***0***         rdata_m = regmodel.r1.get_mirrored_value();
#     52              1                    ***0***         `uvm_info("SEQ", $sformatf("After set R1 -> Desired: %0h, Mirrored: %0h", rdata, rdata_m), UVM_NONE);
#     53                                               
#     54              1                    ***0***         regmodel.r1.update(status);
#     55              1                    ***0***         rdata   = regmodel.r1.get();
#     56              1                    ***0***         rdata_m = regmodel.r1.get_mirrored_value();
#     57              1                    ***0***         `uvm_info("SEQ", $sformatf("After update R1 -> Desired: %0h, Mirrored: %0h, Read: %0h", rdata, rdata_m, dout), UVM_NONE);
#     58                                               
#     59              1                    ***0***         regmodel.r1.write(status, 8'hA5);
#     60              1                    ***0***         rdata   = regmodel.r1.get();
#     61              1                    ***0***         rdata_m = regmodel.r1.get_mirrored_value();
#     62              1                    ***0***         `uvm_info("SEQ", $sformatf("After write R1 -> Desired: %0h, Mirrored: %0h, Read: %0h", rdata, rdata_m, dout), UVM_NONE);
#     63                                               
#     64              1                    ***0***         regmodel.r1.read(status, dout);
#     65              1                    ***0***         rdata   = regmodel.r1.get();
#     66              1                    ***0***         rdata_m = regmodel.r1.get_mirrored_value();
#     67              1                    ***0***         `uvm_info("SEQ", $sformatf("After read R1 -> Desired: %0h, Mirrored: %0h, Read: %0h", rdata, rdata_m, dout), UVM_NONE);
#     68                                               
#     69                                               
#     70                                                   ///////////////// R2 ///////////////////////
#     71              1                    ***0***         `uvm_info("SEQ", "====== R2 ======", UVM_NONE);
#     72                                               
#     73              1                    ***0***         rdata   = regmodel.r2.get();
#     74              1                    ***0***         rdata_m = regmodel.r2.get_mirrored_value();
#     75              1                    ***0***         `uvm_info("SEQ", $sformatf("Initial R2 -> Desired: %0h, Mirrored: %0h", rdata, rdata_m), UVM_NONE);
#     76                                               
#     77              1                    ***0***         regmodel.r2.set(8'h3C);
#     78              1                    ***0***         regmodel.r2.update(status);
#     79              1                    ***0***         regmodel.r2.read(status, dout);
#     80              1                    ***0***         rdata   = regmodel.r2.get();
#     81              1                    ***0***         rdata_m = regmodel.r2.get_mirrored_value();
#     82              1                    ***0***         `uvm_info("SEQ", $sformatf("After update + read R2 -> Desired: %0h, Mirrored: %0h, Read: %0h", rdata, rdata_m, dout), UVM_NONE);
#     83                                               
#     84                                               
#     85                                                   ///////////////// R3 ///////////////////////
#     86              1                    ***0***         `uvm_info("SEQ", "====== R3 ======", UVM_NONE);
#     87                                               
#     88              1                    ***0***         rdata   = regmodel.r3.get();
#     89              1                    ***0***         rdata_m = regmodel.r3.get_mirrored_value();
#     90              1                    ***0***         `uvm_info("SEQ", $sformatf("Initial R3 -> Desired: %0h, Mirrored: %0h", rdata, rdata_m), UVM_NONE);
#     91                                               
#     92              1                    ***0***         regmodel.r3.set(8'h7E);
#     93              1                    ***0***         regmodel.r3.update(status);
#     94              1                    ***0***         regmodel.r3.read(status, dout);
#     95              1                    ***0***         rdata   = regmodel.r3.get();
#     96              1                    ***0***         rdata_m = regmodel.r3.get_mirrored_value();
#     97              1                    ***0***         `uvm_info("SEQ", $sformatf("After update + read R3 -> Desired: %0h, Mirrored: %0h, Read: %0h", rdata, rdata_m, dout), UVM_NONE);
#     98                                               
#     99                                               
#     100                                                  ///////////////// R4 ///////////////////////
#     101             1                    ***0***         `uvm_info("SEQ", "====== R4 ======", UVM_NONE);
#     102                                              
#     103             1                    ***0***         rdata   = regmodel.r4.get();
#     104             1                    ***0***         rdata_m = regmodel.r4.get_mirrored_value();
#     105             1                    ***0***         `uvm_info("SEQ", $sformatf("Initial R4 -> Desired: %0h, Mirrored: %0h", rdata, rdata_m), UVM_NONE);
#     106                                              
#     107             1                    ***0***         regmodel.r4.set(8'hFF);
#     108             1                    ***0***         regmodel.r4.update(status);
#     109             1                    ***0***         regmodel.r4.read(status, dout);
#     110             1                    ***0***         rdata   = regmodel.r4.get();
#     111             1                    ***0***         rdata_m = regmodel.r4.get_mirrored_value();
#     112             1                    ***0***         `uvm_info("SEQ", $sformatf("After update + read R4 -> Desired: %0h, Mirrored: %0h, Read: %0h", rdata, rdata_m, dout), UVM_NONE);
#     113                                              
#     114                                                endtask
#     115                                              endclass
#     116                                              
#     117                                              class ral_reset_check_sequence extends uvm_sequence;
#     118             1                    ***0***       `uvm_object_utils(ral_reset_check_sequence)
#     118             2                    ***0***     
#     118             3                    ***0***     
#     118             4                    ***0***     
#     118             5                    ***0***     
#     118             6                    ***0***     
#     118             7                    ***0***     
#     118             8                    ***0***     
#     118             9                    ***0***     
#     118            10                    ***0***     
#     119                                              
#     120                                                ral_reg_block regmodel;
#     121                                              
#     122                                                function new(string name = "ral_reset_check_sequence");
#     123             1                    ***0***         super.new(name);
#     124                                                endfunction
#     125                                              
#     126                                                task body;
#     127                                                  uvm_status_e status;
#     128                                                  bit [7:0] rdata, rdata_m;
#     129                                                  bit [7:0] rst_val;
#     130                                                  bit       has_rst;
#     131                                              
#     132                                                  ////////// REG1 Reset Check //////////
#     133             1                    ***0***         has_rst = regmodel.r1.has_reset();
#     134             1                    ***0***         `uvm_info("SEQ", $sformatf("Reset Present for REG1: %0b", has_rst), UVM_NONE);
#     135                                              
#     136             1                    ***0***         rst_val = regmodel.r1.get_reset();
#     137             1                    ***0***         `uvm_info("SEQ", $sformatf("REG1 Reset Value (default): 0x%0h", rst_val), UVM_NONE);
#     138                                              
#     139             1                    ***0***         rdata   = regmodel.r1.get();
#     140             1                    ***0***         rdata_m = regmodel.r1.get_mirrored_value();
#     141             1                    ***0***         `uvm_info("SEQ", $sformatf("Before Reset -> Desired: 0x%0h, Mirrored: 0x%0h", rdata, rdata_m), UVM_NONE);
#     142                                              
#     143             1                    ***0***         $display("-------------- Applying Default Reset to REG1 ---------------");
#     144             1                    ***0***         regmodel.r1.reset();
#     145             1                    ***0***         rdata   = regmodel.r1.get();
#     146             1                    ***0***         rdata_m = regmodel.r1.get_mirrored_value();
#     147             1                    ***0***         `uvm_info("SEQ", $sformatf("After Default Reset -> Desired: 0x%0h, Mirrored: 0x%0h", rdata, rdata_m), UVM_NONE);
#     148                                              
#     149                                                  ////////// REG2 Reset Check //////////
#     150             1                    ***0***         has_rst = regmodel.r2.has_reset();
#     151             1                    ***0***         `uvm_info("SEQ", $sformatf("Reset Present for REG2: %0b", has_rst), UVM_NONE);
#     152                                              
#     153             1                    ***0***         rst_val = regmodel.r2.get_reset();
#     154             1                    ***0***         `uvm_info("SEQ", $sformatf("REG2 Reset Value (default): 0x%0h", rst_val), UVM_NONE);
#     155                                              
#     156             1                    ***0***         rdata   = regmodel.r2.get();
#     157             1                    ***0***         rdata_m = regmodel.r2.get_mirrored_value();
#     158             1                    ***0***         `uvm_info("SEQ", $sformatf("Before Reset -> Desired: 0x%0h, Mirrored: 0x%0h", rdata, rdata_m), UVM_NONE);
#     159                                              
#     160             1                    ***0***         $display("-------------- Applying Default Reset to REG2 ---------------");
#     161             1                    ***0***         regmodel.r2.reset();
#     162             1                    ***0***         rdata   = regmodel.r2.get();
#     163             1                    ***0***         rdata_m = regmodel.r2.get_mirrored_value();
#     164             1                    ***0***         `uvm_info("SEQ", $sformatf("After Default Reset -> Desired: 0x%0h, Mirrored: 0x%0h", rdata, rdata_m), UVM_NONE);
#     165                                              
#     166                                                  ////////// REG3 Reset Check //////////
#     167             1                    ***0***         has_rst = regmodel.r3.has_reset();
#     168             1                    ***0***         `uvm_info("SEQ", $sformatf("Reset Present for REG3: %0b", has_rst), UVM_NONE);
#     169                                              
#     170             1                    ***0***         rst_val = regmodel.r3.get_reset();
#     171             1                    ***0***         `uvm_info("SEQ", $sformatf("REG3 Reset Value (default): 0x%0h", rst_val), UVM_NONE);
#     172                                              
#     173             1                    ***0***         rdata   = regmodel.r3.get();
#     174             1                    ***0***         rdata_m = regmodel.r3.get_mirrored_value();
#     175             1                    ***0***         `uvm_info("SEQ", $sformatf("Before Reset -> Desired: 0x%0h, Mirrored: 0x%0h", rdata, rdata_m), UVM_NONE);
#     176                                              
#     177             1                    ***0***         $display("-------------- Applying Default Reset to REG3 ---------------");
#     178             1                    ***0***         regmodel.r3.reset();
#     179             1                    ***0***         rdata   = regmodel.r3.get();
#     180             1                    ***0***         rdata_m = regmodel.r3.get_mirrored_value();
#     181             1                    ***0***         `uvm_info("SEQ", $sformatf("After Default Reset -> Desired: 0x%0h, Mirrored: 0x%0h", rdata, rdata_m), UVM_NONE);
#     182                                              
#     183                                                  ////////// REG4 Reset Check //////////
#     184             1                    ***0***         has_rst = regmodel.r4.has_reset();
#     185             1                    ***0***         `uvm_info("SEQ", $sformatf("Reset Present for REG4: %0b", has_rst), UVM_NONE);
#     186                                              
#     187             1                    ***0***         rst_val = regmodel.r4.get_reset();
#     188             1                    ***0***         `uvm_info("SEQ", $sformatf("REG4 Reset Value (default): 0x%0h", rst_val), UVM_NONE);
#     189                                              
#     190             1                    ***0***         rdata   = regmodel.r4.get();
#     191             1                    ***0***         rdata_m = regmodel.r4.get_mirrored_value();
#     192             1                    ***0***         `uvm_info("SEQ", $sformatf("Before Reset -> Desired: 0x%0h, Mirrored: 0x%0h", rdata, rdata_m), UVM_NONE);
#     193                                              
#     194             1                    ***0***         $display("-------------- Applying Default Reset to REG4 ---------------");
#     195             1                    ***0***         regmodel.r4.reset();
#     196             1                    ***0***         rdata   = regmodel.r4.get();
#     197             1                    ***0***         rdata_m = regmodel.r4.get_mirrored_value();
#     198             1                    ***0***         `uvm_info("SEQ", $sformatf("After Default Reset -> Desired: 0x%0h, Mirrored: 0x%0h", rdata, rdata_m), UVM_NONE);
#     199                                                endtask
#     200                                              endclass
#     201                                              
#     202                                              
#     203                                              class ral_backdoor_write_read_sequence extends uvm_sequence;
#     204             1                    ***0***       `uvm_object_utils(ral_backdoor_write_read_sequence)
#     204             2                    ***0***     
#     204             3                    ***0***     
#     204             4                    ***0***     
#     204             5                    ***0***     
#     204             6                    ***0***     
#     204             7                    ***0***     
#     204             8                    ***0***     
#     204             9                    ***0***     
#     204            10                    ***0***     
#     205                                              
#     206                                                ral_reg_block regmodel;
#     207                                              
#     208                                                  bit [7:0] rdata, rdata_m;
#     209                                                function new(string name = "ral_backdoor_write_read_sequence");
#     210             1                    ***0***         super.new(name);
#     211                                                endfunction
#     212                                              
#     213                                                task body;
#     214                                                  uvm_status_e     status;
#     215                                                  uvm_reg_data_t   desired_val;
#     216                                                  uvm_reg_data_t   peeked_val;
#     217                                              
#     218                                              /*
#     219                                                  ///////////////// R1 BACKDOOR WRITE + READ ///////////////////////
#     220                                                  desired_val = 8'hA5;
#     221                                                  regmodel.r1.poke(status, desired_val);
#     222                                                  regmodel.r1.peek(status, peeked_val);
#     223                                                  regmodel.r1.set_mirrored_value(peeked_val);
#     224                                              
#     225                                                  `uvm_info("SEQ", $sformatf("R1 (BACKDOOR) -> Poked: %0d, Peeked: %0d, Mirrored: %0d",
#     226                                                              desired_val, peeked_val, regmodel.r1.get_mirrored_value()), UVM_NONE);
#     227                                              */
#     228                                              // --------- BACKDOOR ACCESS FOR R2 ---------
#     229             1                    ***0***         desired_val = 8'h3C;
#     230                                              
#     231                                                  // Write using backdoor (poke)
#     232             1                    ***0***         regmodel.r2.poke(status, desired_val);
#     233             1                    ***0***         `uvm_info("SEQ", $sformatf("R2 (BACKDOOR) -> POKED with value: %0d", desired_val), UVM_NONE);
#     234                                              
#     235                                                  // Read using backdoor (peek)
#     236             1                    ***0***         regmodel.r2.peek(status, peeked_val);
#     237             1                    ***0***         `uvm_info("SEQ", $sformatf("R2 (BACKDOOR) -> PEEKED value: %0d", peeked_val), UVM_NONE);
#     238                                              
#     239                                                  // Check desired and mirrored values
#     240             1                    ***0***         rdata   = regmodel.r2.get();
#     241             1                    ***0***         rdata_m = regmodel.r2.get_mirrored_value();
#     242             1                    ***0***         `uvm_info("SEQ", $sformatf("R2 (BACKDOOR) -> Desired: %0d, Mirrored: %0d", rdata, rdata_m), UVM_NONE);
#     243                                              
#     244                                               /*   ///////////////// R3 BACKDOOR WRITE + READ ///////////////////////
#     245                                                  desired_val = 8'h7E;
#     246                                                  regmodel.r3.poke(status, desired_val);
#     247                                                  regmodel.r3.peek(status, peeked_val);
#     248                                                  regmodel.r3.set_mirrored_value(peeked_val);
#     249                                              
#     250                                                  `uvm_info("SEQ", $sformatf("R3 (BACKDOOR) -> Poked: %0d, Peeked: %0d, Mirrored: %0d",
#     251                                                              desired_val, peeked_val, regmodel.r3.get_mirrored_value()), UVM_NONE);
#     252                                              */
#     253                                                  // Add more if needed
#     254                                                endtask
#     255                                              endclass
#     256                                              
#     257                                              
#     258                                              
#     259                                              
#     260                                              
#     261                                              
#     262                                              
#     263                                              
#     264                                              
#     265                                              
#     266                                              
#     267                                              
#     268                                              
#     269                                              
#     270                                              
#     271                                              
#     272                                              
#     273                                              
#     274                                              
#     275                                              
#     276                                              
#     277                                              
#     278                                              
#     279                                              
#     280                                              
#     281                                              
#     282                                              
#     283                                              
#     284                                              
#     285                                              
#     286                                              
#     287                                              
#     288                                              
#     289                                              
#     290                                              
#     291                                              
#     292                                              
#     293                                              
#     294                                              
# 
# Branch Coverage:
#     Enabled Coverage            Active      Hits    Misses % Covered
#     ----------------            ------      ----    ------ ---------
#     Branches                       110         0       110       0.0
# 
# ================================Branch Details================================
# 
# Branch Coverage for file ral_sequence.sv --
# 
# ------------------------------------IF Branch------------------------------------
#     2                                    ***0***     Count coming in to IF
#     2               1                    ***0***       `uvm_object_utils(ral_write_read_sequence)
#                                          ***0***     All False Count
# Branch totals: 0 hits of 2 branches = 0.0%
# 
# ------------------------------------IF Branch------------------------------------
#     2                                    ***0***     Count coming in to IF
#     2               2                    ***0***       `uvm_object_utils(ral_write_read_sequence)
#                                          ***0***     All False Count
# Branch totals: 0 hits of 2 branches = 0.0%
# 
# ------------------------------------IF Branch------------------------------------
#     2                                    ***0***     Count coming in to IF
#     2               3                    ***0***       `uvm_object_utils(ral_write_read_sequence)
#     2               4                    ***0***       `uvm_object_utils(ral_write_read_sequence)
# Branch totals: 0 hits of 2 branches = 0.0%
# 
# ------------------------------------IF Branch------------------------------------
#     2                                    ***0***     Count coming in to IF
#     2               5                    ***0***       `uvm_object_utils(ral_write_read_sequence)
#                                          ***0***     All False Count
# Branch totals: 0 hits of 2 branches = 0.0%
# 
# ------------------------------------IF Branch------------------------------------
#     2                                    ***0***     Count coming in to IF
#     2               6                    ***0***       `uvm_object_utils(ral_write_read_sequence)
#                                          ***0***     All False Count
# Branch totals: 0 hits of 2 branches = 0.0%
# 
# ------------------------------------IF Branch------------------------------------
#     15                                   ***0***     Count coming in to IF
#     15              1                    ***0***         `uvm_info("SEQ", "====== CTRL ======", UVM_NONE);
#                                          ***0***     All False Count
# Branch totals: 0 hits of 2 branches = 0.0%
# 
# ------------------------------------IF Branch------------------------------------
#     19                                   ***0***     Count coming in to IF
#     19              1                    ***0***         `uvm_info("SEQ", $sformatf("Initial CTRL -> Desired: %0h, Mirrored: %0h", rdata, rdata_m), UVM_NONE);
#                                          ***0***     All False Count
# Branch totals: 0 hits of 2 branches = 0.0%
# 
# ------------------------------------IF Branch------------------------------------
#     24                                   ***0***     Count coming in to IF
#     24              1                    ***0***         `uvm_info("SEQ", $sformatf("After set CTRL -> Desired: %0h, Mirrored: %0h", rdata, rdata_m), UVM_NONE);
#                                          ***0***     All False Count
# Branch totals: 0 hits of 2 branches = 0.0%
# 
# ------------------------------------IF Branch------------------------------------
#     29                                   ***0***     Count coming in to IF
#     29              1                    ***0***         `uvm_info("SEQ", $sformatf("After update CTRL -> Desired: %0h, Mirrored: %0h, Read: %0h", rdata, rdata_m, dout), UVM_NONE);
#                                          ***0***     All False Count
# Branch totals: 0 hits of 2 branches = 0.0%
# 
# ------------------------------------IF Branch------------------------------------
#     34                                   ***0***     Count coming in to IF
#     34              1                    ***0***         `uvm_info("SEQ", $sformatf("After write CTRL -> Desired: %0h, Mirrored: %0h, Read: %0h", rdata, rdata_m, dout), UVM_NONE);
#                                          ***0***     All False Count
# Branch totals: 0 hits of 2 branches = 0.0%
# 
# ------------------------------------IF Branch------------------------------------
#     39                                   ***0***     Count coming in to IF
#     39              1                    ***0***         `uvm_info("SEQ", $sformatf("After read CTRL -> Desired: %0h, Mirrored: %0h, Read: %0h", rdata, rdata_m, dout), UVM_NONE);
#                                          ***0***     All False Count
# Branch totals: 0 hits of 2 branches = 0.0%
# 
# ------------------------------------IF Branch------------------------------------
#     43                                   ***0***     Count coming in to IF
#     43              1                    ***0***         `uvm_info("SEQ", "====== R1 ======", UVM_NONE);
#                                          ***0***     All False Count
# Branch totals: 0 hits of 2 branches = 0.0%
# 
# ------------------------------------IF Branch------------------------------------
#     47                                   ***0***     Count coming in to IF
#     47              1                    ***0***         `uvm_info("SEQ", $sformatf("Initial R1 -> Desired: %0h, Mirrored: %0h", rdata, rdata_m), UVM_NONE);
#                                          ***0***     All False Count
# Branch totals: 0 hits of 2 branches = 0.0%
# 
# ------------------------------------IF Branch------------------------------------
#     52                                   ***0***     Count coming in to IF
#     52              1                    ***0***         `uvm_info("SEQ", $sformatf("After set R1 -> Desired: %0h, Mirrored: %0h", rdata, rdata_m), UVM_NONE);
#                                          ***0***     All False Count
# Branch totals: 0 hits of 2 branches = 0.0%
# 
# ------------------------------------IF Branch------------------------------------
#     57                                   ***0***     Count coming in to IF
#     57              1                    ***0***         `uvm_info("SEQ", $sformatf("After update R1 -> Desired: %0h, Mirrored: %0h, Read: %0h", rdata, rdata_m, dout), UVM_NONE);
#                                          ***0***     All False Count
# Branch totals: 0 hits of 2 branches = 0.0%
# 
# ------------------------------------IF Branch------------------------------------
#     62                                   ***0***     Count coming in to IF
#     62              1                    ***0***         `uvm_info("SEQ", $sformatf("After write R1 -> Desired: %0h, Mirrored: %0h, Read: %0h", rdata, rdata_m, dout), UVM_NONE);
#                                          ***0***     All False Count
# Branch totals: 0 hits of 2 branches = 0.0%
# 
# ------------------------------------IF Branch------------------------------------
#     67                                   ***0***     Count coming in to IF
#     67              1                    ***0***         `uvm_info("SEQ", $sformatf("After read R1 -> Desired: %0h, Mirrored: %0h, Read: %0h", rdata, rdata_m, dout), UVM_NONE);
#                                          ***0***     All False Count
# Branch totals: 0 hits of 2 branches = 0.0%
# 
# ------------------------------------IF Branch------------------------------------
#     71                                   ***0***     Count coming in to IF
#     71              1                    ***0***         `uvm_info("SEQ", "====== R2 ======", UVM_NONE);
#                                          ***0***     All False Count
# Branch totals: 0 hits of 2 branches = 0.0%
# 
# ------------------------------------IF Branch------------------------------------
#     75                                   ***0***     Count coming in to IF
#     75              1                    ***0***         `uvm_info("SEQ", $sformatf("Initial R2 -> Desired: %0h, Mirrored: %0h", rdata, rdata_m), UVM_NONE);
#                                          ***0***     All False Count
# Branch totals: 0 hits of 2 branches = 0.0%
# 
# ------------------------------------IF Branch------------------------------------
#     82                                   ***0***     Count coming in to IF
#     82              1                    ***0***         `uvm_info("SEQ", $sformatf("After update + read R2 -> Desired: %0h, Mirrored: %0h, Read: %0h", rdata, rdata_m, dout), UVM_NONE);
#                                          ***0***     All False Count
# Branch totals: 0 hits of 2 branches = 0.0%
# 
# ------------------------------------IF Branch------------------------------------
#     86                                   ***0***     Count coming in to IF
#     86              1                    ***0***         `uvm_info("SEQ", "====== R3 ======", UVM_NONE);
#                                          ***0***     All False Count
# Branch totals: 0 hits of 2 branches = 0.0%
# 
# ------------------------------------IF Branch------------------------------------
#     90                                   ***0***     Count coming in to IF
#     90              1                    ***0***         `uvm_info("SEQ", $sformatf("Initial R3 -> Desired: %0h, Mirrored: %0h", rdata, rdata_m), UVM_NONE);
#                                          ***0***     All False Count
# Branch totals: 0 hits of 2 branches = 0.0%
# 
# ------------------------------------IF Branch------------------------------------
#     97                                   ***0***     Count coming in to IF
#     97              1                    ***0***         `uvm_info("SEQ", $sformatf("After update + read R3 -> Desired: %0h, Mirrored: %0h, Read: %0h", rdata, rdata_m, dout), UVM_NONE);
#                                          ***0***     All False Count
# Branch totals: 0 hits of 2 branches = 0.0%
# 
# ------------------------------------IF Branch------------------------------------
#     101                                  ***0***     Count coming in to IF
#     101             1                    ***0***         `uvm_info("SEQ", "====== R4 ======", UVM_NONE);
#                                          ***0***     All False Count
# Branch totals: 0 hits of 2 branches = 0.0%
# 
# ------------------------------------IF Branch------------------------------------
#     105                                  ***0***     Count coming in to IF
#     105             1                    ***0***         `uvm_info("SEQ", $sformatf("Initial R4 -> Desired: %0h, Mirrored: %0h", rdata, rdata_m), UVM_NONE);
#                                          ***0***     All False Count
# Branch totals: 0 hits of 2 branches = 0.0%
# 
# ------------------------------------IF Branch------------------------------------
#     112                                  ***0***     Count coming in to IF
#     112             1                    ***0***         `uvm_info("SEQ", $sformatf("After update + read R4 -> Desired: %0h, Mirrored: %0h, Read: %0h", rdata, rdata_m, dout), UVM_NONE);
#                                          ***0***     All False Count
# Branch totals: 0 hits of 2 branches = 0.0%
# 
# ------------------------------------IF Branch------------------------------------
#     118                                  ***0***     Count coming in to IF
#     118             1                    ***0***       `uvm_object_utils(ral_reset_check_sequence)
#                                          ***0***     All False Count
# Branch totals: 0 hits of 2 branches = 0.0%
# 
# ------------------------------------IF Branch------------------------------------
#     118                                  ***0***     Count coming in to IF
#     118             2                    ***0***       `uvm_object_utils(ral_reset_check_sequence)
#                                          ***0***     All False Count
# Branch totals: 0 hits of 2 branches = 0.0%
# 
# ------------------------------------IF Branch------------------------------------
#     118                                  ***0***     Count coming in to IF
#     118             3                    ***0***       `uvm_object_utils(ral_reset_check_sequence)
#     118             4                    ***0***       `uvm_object_utils(ral_reset_check_sequence)
# Branch totals: 0 hits of 2 branches = 0.0%
# 
# ------------------------------------IF Branch------------------------------------
#     118                                  ***0***     Count coming in to IF
#     118             5                    ***0***       `uvm_object_utils(ral_reset_check_sequence)
#                                          ***0***     All False Count
# Branch totals: 0 hits of 2 branches = 0.0%
# 
# ------------------------------------IF Branch------------------------------------
#     118                                  ***0***     Count coming in to IF
#     118             6                    ***0***       `uvm_object_utils(ral_reset_check_sequence)
#                                          ***0***     All False Count
# Branch totals: 0 hits of 2 branches = 0.0%
# 
# ------------------------------------IF Branch------------------------------------
#     134                                  ***0***     Count coming in to IF
#     134             1                    ***0***         `uvm_info("SEQ", $sformatf("Reset Present for REG1: %0b", has_rst), UVM_NONE);
#                                          ***0***     All False Count
# Branch totals: 0 hits of 2 branches = 0.0%
# 
# ------------------------------------IF Branch------------------------------------
#     137                                  ***0***     Count coming in to IF
#     137             1                    ***0***         `uvm_info("SEQ", $sformatf("REG1 Reset Value (default): 0x%0h", rst_val), UVM_NONE);
#                                          ***0***     All False Count
# Branch totals: 0 hits of 2 branches = 0.0%
# 
# ------------------------------------IF Branch------------------------------------
#     141                                  ***0***     Count coming in to IF
#     141             1                    ***0***         `uvm_info("SEQ", $sformatf("Before Reset -> Desired: 0x%0h, Mirrored: 0x%0h", rdata, rdata_m), UVM_NONE);
#                                          ***0***     All False Count
# Branch totals: 0 hits of 2 branches = 0.0%
# 
# ------------------------------------IF Branch------------------------------------
#     147                                  ***0***     Count coming in to IF
#     147             1                    ***0***         `uvm_info("SEQ", $sformatf("After Default Reset -> Desired: 0x%0h, Mirrored: 0x%0h", rdata, rdata_m), UVM_NONE);
#                                          ***0***     All False Count
# Branch totals: 0 hits of 2 branches = 0.0%
# 
# ------------------------------------IF Branch------------------------------------
#     151                                  ***0***     Count coming in to IF
#     151             1                    ***0***         `uvm_info("SEQ", $sformatf("Reset Present for REG2: %0b", has_rst), UVM_NONE);
#                                          ***0***     All False Count
# Branch totals: 0 hits of 2 branches = 0.0%
# 
# ------------------------------------IF Branch------------------------------------
#     154                                  ***0***     Count coming in to IF
#     154             1                    ***0***         `uvm_info("SEQ", $sformatf("REG2 Reset Value (default): 0x%0h", rst_val), UVM_NONE);
#                                          ***0***     All False Count
# Branch totals: 0 hits of 2 branches = 0.0%
# 
# ------------------------------------IF Branch------------------------------------
#     158                                  ***0***     Count coming in to IF
#     158             1                    ***0***         `uvm_info("SEQ", $sformatf("Before Reset -> Desired: 0x%0h, Mirrored: 0x%0h", rdata, rdata_m), UVM_NONE);
#                                          ***0***     All False Count
# Branch totals: 0 hits of 2 branches = 0.0%
# 
# ------------------------------------IF Branch------------------------------------
#     164                                  ***0***     Count coming in to IF
#     164             1                    ***0***         `uvm_info("SEQ", $sformatf("After Default Reset -> Desired: 0x%0h, Mirrored: 0x%0h", rdata, rdata_m), UVM_NONE);
#                                          ***0***     All False Count
# Branch totals: 0 hits of 2 branches = 0.0%
# 
# ------------------------------------IF Branch------------------------------------
#     168                                  ***0***     Count coming in to IF
#     168             1                    ***0***         `uvm_info("SEQ", $sformatf("Reset Present for REG3: %0b", has_rst), UVM_NONE);
#                                          ***0***     All False Count
# Branch totals: 0 hits of 2 branches = 0.0%
# 
# ------------------------------------IF Branch------------------------------------
#     171                                  ***0***     Count coming in to IF
#     171             1                    ***0***         `uvm_info("SEQ", $sformatf("REG3 Reset Value (default): 0x%0h", rst_val), UVM_NONE);
#                                          ***0***     All False Count
# Branch totals: 0 hits of 2 branches = 0.0%
# 
# ------------------------------------IF Branch------------------------------------
#     175                                  ***0***     Count coming in to IF
#     175             1                    ***0***         `uvm_info("SEQ", $sformatf("Before Reset -> Desired: 0x%0h, Mirrored: 0x%0h", rdata, rdata_m), UVM_NONE);
#                                          ***0***     All False Count
# Branch totals: 0 hits of 2 branches = 0.0%
# 
# ------------------------------------IF Branch------------------------------------
#     181                                  ***0***     Count coming in to IF
#     181             1                    ***0***         `uvm_info("SEQ", $sformatf("After Default Reset -> Desired: 0x%0h, Mirrored: 0x%0h", rdata, rdata_m), UVM_NONE);
#                                          ***0***     All False Count
# Branch totals: 0 hits of 2 branches = 0.0%
# 
# ------------------------------------IF Branch------------------------------------
#     185                                  ***0***     Count coming in to IF
#     185             1                    ***0***         `uvm_info("SEQ", $sformatf("Reset Present for REG4: %0b", has_rst), UVM_NONE);
#                                          ***0***     All False Count
# Branch totals: 0 hits of 2 branches = 0.0%
# 
# ------------------------------------IF Branch------------------------------------
#     188                                  ***0***     Count coming in to IF
#     188             1                    ***0***         `uvm_info("SEQ", $sformatf("REG4 Reset Value (default): 0x%0h", rst_val), UVM_NONE);
#                                          ***0***     All False Count
# Branch totals: 0 hits of 2 branches = 0.0%
# 
# ------------------------------------IF Branch------------------------------------
#     192                                  ***0***     Count coming in to IF
#     192             1                    ***0***         `uvm_info("SEQ", $sformatf("Before Reset -> Desired: 0x%0h, Mirrored: 0x%0h", rdata, rdata_m), UVM_NONE);
#                                          ***0***     All False Count
# Branch totals: 0 hits of 2 branches = 0.0%
# 
# ------------------------------------IF Branch------------------------------------
#     198                                  ***0***     Count coming in to IF
#     198             1                    ***0***         `uvm_info("SEQ", $sformatf("After Default Reset -> Desired: 0x%0h, Mirrored: 0x%0h", rdata, rdata_m), UVM_NONE);
#                                          ***0***     All False Count
# Branch totals: 0 hits of 2 branches = 0.0%
# 
# ------------------------------------IF Branch------------------------------------
#     204                                  ***0***     Count coming in to IF
#     204             1                    ***0***       `uvm_object_utils(ral_backdoor_write_read_sequence)
#                                          ***0***     All False Count
# Branch totals: 0 hits of 2 branches = 0.0%
# 
# ------------------------------------IF Branch------------------------------------
#     204                                  ***0***     Count coming in to IF
#     204             2                    ***0***       `uvm_object_utils(ral_backdoor_write_read_sequence)
#                                          ***0***     All False Count
# Branch totals: 0 hits of 2 branches = 0.0%
# 
# ------------------------------------IF Branch------------------------------------
#     204                                  ***0***     Count coming in to IF
#     204             3                    ***0***       `uvm_object_utils(ral_backdoor_write_read_sequence)
#     204             4                    ***0***       `uvm_object_utils(ral_backdoor_write_read_sequence)
# Branch totals: 0 hits of 2 branches = 0.0%
# 
# ------------------------------------IF Branch------------------------------------
#     204                                  ***0***     Count coming in to IF
#     204             5                    ***0***       `uvm_object_utils(ral_backdoor_write_read_sequence)
#                                          ***0***     All False Count
# Branch totals: 0 hits of 2 branches = 0.0%
# 
# ------------------------------------IF Branch------------------------------------
#     204                                  ***0***     Count coming in to IF
#     204             6                    ***0***       `uvm_object_utils(ral_backdoor_write_read_sequence)
#                                          ***0***     All False Count
# Branch totals: 0 hits of 2 branches = 0.0%
# 
# ------------------------------------IF Branch------------------------------------
#     233                                  ***0***     Count coming in to IF
#     233             1                    ***0***         `uvm_info("SEQ", $sformatf("R2 (BACKDOOR) -> POKED with value: %0d", desired_val), UVM_NONE);
#                                          ***0***     All False Count
# Branch totals: 0 hits of 2 branches = 0.0%
# 
# ------------------------------------IF Branch------------------------------------
#     237                                  ***0***     Count coming in to IF
#     237             1                    ***0***         `uvm_info("SEQ", $sformatf("R2 (BACKDOOR) -> PEEKED value: %0d", peeked_val), UVM_NONE);
#                                          ***0***     All False Count
# Branch totals: 0 hits of 2 branches = 0.0%
# 
# ------------------------------------IF Branch------------------------------------
#     242                                  ***0***     Count coming in to IF
#     242             1                    ***0***         `uvm_info("SEQ", $sformatf("R2 (BACKDOOR) -> Desired: %0d, Mirrored: %0d", rdata, rdata_m), UVM_NONE);
#                                          ***0***     All False Count
# Branch totals: 0 hits of 2 branches = 0.0%
# 
# 
# Condition Coverage:
#     Enabled Coverage            Active   Covered    Misses % Covered
#     ----------------            ------      ----    ------ ---------
#     FEC Condition Terms              0         0         0     100.0
# Expression Coverage:
#     Enabled Coverage            Active   Covered    Misses % Covered
#     ----------------            ------      ----    ------ ---------
#     FEC Expression Terms             0         0         0     100.0
# FSM Coverage:
#     Enabled Coverage            Active      Hits    Misses % Covered
#     ----------------            ------      ----    ------ ---------
#     FSMs                                                       100.0
#         States                       0         0         0     100.0
#         Transitions                  0         0         0     100.0
# Toggle Coverage:
#     Enabled Coverage            Active      Hits    Misses % Covered
#     ----------------            ------      ----    ------ ---------
#     Toggle Bins                      0         0         0     100.0
# 
# ================================Toggle Details================================
# 
# Toggle Coverage for File ral_sequence.sv --
# 
#        Line                                   Node      1H->0L      0L->1H  "Coverage"
# --------------------------------------------------------------------------------------
# 
# Total Node Count     =          0 
# Toggled Node Count   =          0 
# Untoggled Node Count =          0 
# 
# Toggle Coverage      =      100.0% (0 of 0 bins)
# 
# =================================================================================
# === File: ral_sequencer.sv
# =================================================================================
# Statement Coverage:
#     Enabled Coverage            Active      Hits    Misses % Covered
#     ----------------            ------      ----    ------ ---------
#     Stmts                            4         0         4       0.0
# 
# ================================Statement Details================================
# 
# Statement Coverage for file ral_sequencer.sv --
# 
#     1                                                class ral_sequencer extends uvm_sequencer#(ral_seq_item);
#     2               1                    ***0***       `uvm_component_utils(ral_sequencer)
#     2               2                    ***0***     
#     2               3                    ***0***     
#     3                                                
#     4                                                  function new(string name= "ral_sequencer", uvm_component parent = null);
#     5               1                    ***0***         super.new(name, parent);
#     6                                                  endfunction
#     7                                                endclass
#     8                                                
# 
# Branch Coverage:
#     Enabled Coverage            Active      Hits    Misses % Covered
#     ----------------            ------      ----    ------ ---------
#     Branches                         0         0         0     100.0
# Condition Coverage:
#     Enabled Coverage            Active   Covered    Misses % Covered
#     ----------------            ------      ----    ------ ---------
#     FEC Condition Terms              0         0         0     100.0
# Expression Coverage:
#     Enabled Coverage            Active   Covered    Misses % Covered
#     ----------------            ------      ----    ------ ---------
#     FEC Expression Terms             0         0         0     100.0
# FSM Coverage:
#     Enabled Coverage            Active      Hits    Misses % Covered
#     ----------------            ------      ----    ------ ---------
#     FSMs                                                       100.0
#         States                       0         0         0     100.0
#         Transitions                  0         0         0     100.0
# Toggle Coverage:
#     Enabled Coverage            Active      Hits    Misses % Covered
#     ----------------            ------      ----    ------ ---------
#     Toggle Bins                      0         0         0     100.0
# 
# ================================Toggle Details================================
# 
# Toggle Coverage for File ral_sequencer.sv --
# 
#        Line                                   Node      1H->0L      0L->1H  "Coverage"
# --------------------------------------------------------------------------------------
# 
# Total Node Count     =          0 
# Toggled Node Count   =          0 
# Untoggled Node Count =          0 
# 
# Toggle Coverage      =      100.0% (0 of 0 bins)
# 
# =================================================================================
# === File: ral_test.sv
# =================================================================================
# Statement Coverage:
#     Enabled Coverage            Active      Hits    Misses % Covered
#     ----------------            ------      ----    ------ ---------
#     Stmts                           49         0        49       0.0
# 
# ================================Statement Details================================
# 
# Statement Coverage for file ral_test.sv --
# 
#     1                                                class ral_write_read_test extends uvm_test;
#     2               1                    ***0***       `uvm_component_utils(ral_write_read_test)
#     2               2                    ***0***     
#     2               3                    ***0***     
#     3                                                
#     4                                                  ral_env env;
#     5                                                
#     6                                                  function new(string name = "ral_write_read_test", uvm_component parent = null);
#     7               1                    ***0***         super.new(name, parent);
#     8                                                  endfunction
#     9                                                
#     10                                                 virtual function void build_phase(uvm_phase phase);
#     11              1                    ***0***         super.build_phase(phase);
#     12              1                    ***0***         env = ral_env::type_id::create("env", this);
#     13                                                 endfunction
#     14                                               
#     15                                                 virtual task run_phase(uvm_phase phase);
#     16                                                   ral_write_read_sequence seq;
#     17              1                    ***0***         phase.raise_objection(this);
#     18                                               
#     19              1                    ***0***         seq = ral_write_read_sequence::type_id::create("seq");
#     20              1                    ***0***         seq.regmodel = env.regmodel;
#     21              1                    ***0***         seq.start(env.agent_inst.seqr);
#     22                                               
#     23              1                    ***0***         phase.drop_objection(this);
#     24                                                 endtask
#     25                                               endclass
#     26                                               
#     27                                               
#     28                                               class ral_reset_check_test extends uvm_test;
#     29              1                    ***0***       `uvm_component_utils(ral_reset_check_test)
#     29              2                    ***0***     
#     29              3                    ***0***     
#     30                                               
#     31                                                 ral_env env;
#     32                                               
#     33                                                 function new(string name = "ral_reset_check_test", uvm_component parent = null);
#     34              1                    ***0***         super.new(name, parent);
#     35                                                 endfunction
#     36                                               
#     37                                                 virtual function void build_phase(uvm_phase phase);
#     38              1                    ***0***         super.build_phase(phase);
#     39              1                    ***0***         env = ral_env::type_id::create("env", this);
#     40                                                 endfunction
#     41                                               
#     42                                                 virtual task run_phase(uvm_phase phase);
#     43                                                   ral_reset_check_sequence seq;
#     44              1                    ***0***         phase.raise_objection(this);
#     45                                               
#     46              1                    ***0***         seq = ral_reset_check_sequence::type_id::create("seq");
#     47              1                    ***0***         seq.regmodel = env.regmodel;
#     48              1                    ***0***         seq.start(env.agent_inst.seqr);
#     49                                               
#     50              1                    ***0***         phase.drop_objection(this);
#     51                                                 endtask
#     52                                               endclass
#     53                                               
#     54                                               
#     55                                               
#     56                                               class ral_backdoor_write_read_test extends uvm_test;
#     57              1                    ***0***       `uvm_component_utils(ral_backdoor_write_read_test)
#     57              2                    ***0***     
#     57              3                    ***0***     
#     58                                               
#     59                                                 ral_env env;
#     60                                               
#     61                                                 function new(string name = "ral_backdoor_write_read_test", uvm_component parent = null);
#     62              1                    ***0***         super.new(name, parent);
#     63                                                 endfunction
#     64                                               
#     65                                                 virtual function void build_phase(uvm_phase phase);
#     66              1                    ***0***         super.build_phase(phase);
#     67              1                    ***0***         env = ral_env::type_id::create("env", this);
#     68                                                 endfunction
#     69                                               
#     70                                                 virtual task run_phase(uvm_phase phase);
#     71                                                   ral_backdoor_write_read_sequence seq;
#     72              1                    ***0***         phase.raise_objection(this);
#     73                                               
#     74              1                    ***0***         seq = ral_backdoor_write_read_sequence::type_id::create("seq");
#     75              1                    ***0***         seq.regmodel = env.regmodel;
#     76              1                    ***0***         seq.start(null); // Backdoor access does not need sequencer
#     77                                               
#     78              1                    ***0***         phase.drop_objection(this);
#     79                                                 endtask
#     80                                               endclass
#     81                                               
#     82                                               class ral_regression_test extends uvm_test;
#     83              1                    ***0***       `uvm_component_utils(ral_regression_test)
#     83              2                    ***0***     
#     83              3                    ***0***     
#     84                                               
#     85                                                 ral_env env;
#     86                                               
#     87                                                 function new(string name = "ral_regression_test", uvm_component parent = null);
#     88              1                    ***0***         super.new(name, parent);
#     89                                                 endfunction
#     90                                               
#     91                                                 virtual function void build_phase(uvm_phase phase);
#     92              1                    ***0***         super.build_phase(phase);
#     93                                               
#     94              1                    ***0***         env = ral_env::type_id::create("env", this);
#     95                                                 endfunction
#     96                                               
#     97                                                 virtual task run_phase(uvm_phase phase);
#     98                                                   ral_write_read_sequence wr_rd_seq;
#     99                                                   ral_reset_check_sequence rst_seq;
#     100                                              
#     101             1                    ***0***         phase.raise_objection(this);
#     102                                              
#     103             1                    ***0***         wr_rd_seq = ral_write_read_sequence::type_id::create("wr_rd_seq");
#     104             1                    ***0***         rst_seq   = ral_reset_check_sequence::type_id::create("rst_seq");
#     105                                              
#     106                                                  // Connect the regmodel from environment to sequence
#     107             1                    ***0***         wr_rd_seq.regmodel = env.regmodel;
#     108             1                    ***0***         rst_seq.regmodel   = env.regmodel;
#     109                                              
#     110             1                    ***0***         `uvm_info("TEST", "Starting Write-Read Sequence", UVM_NONE)
#     111             1                    ***0***         wr_rd_seq.start(null);
#     112                                              
#     113             1                    ***0***         `uvm_info("TEST", "Starting Reset Check Sequence", UVM_NONE)
#     114             1                    ***0***         rst_seq.start(null);
#     115                                              
#     116             1                    ***0***         phase.drop_objection(this);
#     117                                                endtask
#     118                                              endclass
#     119                                              
#     120                                              
#     121                                              
#     122                                              
#     123                                              
#     124                                              
#     125                                              
# 
# Branch Coverage:
#     Enabled Coverage            Active      Hits    Misses % Covered
#     ----------------            ------      ----    ------ ---------
#     Branches                         4         0         4       0.0
# 
# ================================Branch Details================================
# 
# Branch Coverage for file ral_test.sv --
# 
# ------------------------------------IF Branch------------------------------------
#     110                                  ***0***     Count coming in to IF
#     110             1                    ***0***         `uvm_info("TEST", "Starting Write-Read Sequence", UVM_NONE)
#                                          ***0***     All False Count
# Branch totals: 0 hits of 2 branches = 0.0%
# 
# ------------------------------------IF Branch------------------------------------
#     113                                  ***0***     Count coming in to IF
#     113             1                    ***0***         `uvm_info("TEST", "Starting Reset Check Sequence", UVM_NONE)
#                                          ***0***     All False Count
# Branch totals: 0 hits of 2 branches = 0.0%
# 
# 
# Condition Coverage:
#     Enabled Coverage            Active   Covered    Misses % Covered
#     ----------------            ------      ----    ------ ---------
#     FEC Condition Terms              0         0         0     100.0
# Expression Coverage:
#     Enabled Coverage            Active   Covered    Misses % Covered
#     ----------------            ------      ----    ------ ---------
#     FEC Expression Terms             0         0         0     100.0
# FSM Coverage:
#     Enabled Coverage            Active      Hits    Misses % Covered
#     ----------------            ------      ----    ------ ---------
#     FSMs                                                       100.0
#         States                       0         0         0     100.0
#         Transitions                  0         0         0     100.0
# Toggle Coverage:
#     Enabled Coverage            Active      Hits    Misses % Covered
#     ----------------            ------      ----    ------ ---------
#     Toggle Bins                      0         0         0     100.0
# 
# ================================Toggle Details================================
# 
# Toggle Coverage for File ral_test.sv --
# 
#        Line                                   Node      1H->0L      0L->1H  "Coverage"
# --------------------------------------------------------------------------------------
# 
# Total Node Count     =          0 
# Toggled Node Count   =          0 
# Untoggled Node Count =          0 
# 
# Toggle Coverage      =      100.0% (0 of 0 bins)
# 
# =================================================================================
# === File: ral_top.sv
# =================================================================================
# Statement Coverage:
#     Enabled Coverage            Active      Hits    Misses % Covered
#     ----------------            ------      ----    ------ ---------
#     Stmts                           10         0        10       0.0
# 
# ================================Statement Details================================
# 
# Statement Coverage for file ral_top.sv --
# 
#     1                                                
#     2                                                `include "uvm_macros.svh"
#     3                                                import uvm_pkg::*;
#     4                                                `include "design.v"
#     5                                                `include "ral_package.sv"
#     6                                                
#     7                                                module tb;
#     8                                                  bit pclk,presetn;
#     9                                                  // Instantiate interface
#     10                                                 ral_if vif(.pclk(pclk),.presetn(presetn));
#     11                                               
#     12                                                 // Connect DUT with interface signals (all lowercase to match your design)
#     13                                                 top dut (
#     14                                                   .pclk     (vif.pclk),
#     15                                                   .presetn  (vif.presetn),
#     16                                                   .psel     (vif.psel),
#     17                                                   .penable  (vif.penable),
#     18                                                   .pwrite   (vif.pwrite),
#     19                                                   .paddr    (vif.paddr),
#     20                                                   .pwdata   (vif.pwdata),
#     21                                                   .prdata   (vif.prdata)
#     22                                                 );
#     23                                               
#     24                                                 // Clock generation
#     25                                                 //initial begin
#     26                                               //    pclk = 0;
#     27              1                    ***0***         always #5 pclk = ~pclk;
#     27              2                    ***0***     
#     28                                                // end
#     29                                                 
#     30                                                 initial begin
#     31              1                    ***0***       pclk = 0;
#     32                                               
#     33              1                    ***0***       presetn = 0;
#     34              1                    ***0***       #10 
#     35              1                    ***0***       presetn = 1;
#     36                                                 end
#     37                                               
#     38                                                 // UVM config DB and test start
#     39                                                 initial begin
#     40              1                    ***0***         uvm_config_db #(virtual ral_if)::set(null, "*", "vif", vif);
#     41              1                    ***0***         run_test("ral_regression_test");  // Use the actual test name defined with `uvm_component_utils(ral_test)`
#     42                                                 end
#     43                                               
#     44                                                 // Dumpfile for waveform viewing
#     45                                                 initial begin
#     46              1                    ***0***         $dumpfile("dump.vcd");
#     47              1                    ***0***         $dumpvars(0, tb);
#     48                                                 end
#     49                                               
#     50                                               endmodule
# 
# Branch Coverage:
#     Enabled Coverage            Active      Hits    Misses % Covered
#     ----------------            ------      ----    ------ ---------
#     Branches                         0         0         0     100.0
# Condition Coverage:
#     Enabled Coverage            Active   Covered    Misses % Covered
#     ----------------            ------      ----    ------ ---------
#     FEC Condition Terms              0         0         0     100.0
# Expression Coverage:
#     Enabled Coverage            Active   Covered    Misses % Covered
#     ----------------            ------      ----    ------ ---------
#     FEC Expression Terms             0         0         0     100.0
# FSM Coverage:
#     Enabled Coverage            Active      Hits    Misses % Covered
#     ----------------            ------      ----    ------ ---------
#     FSMs                                                       100.0
#         States                       0         0         0     100.0
#         Transitions                  0         0         0     100.0
# Toggle Coverage:
#     Enabled Coverage            Active      Hits    Misses % Covered
#     ----------------            ------      ----    ------ ---------
#     Toggle Bins                      4         0         4       0.0
# 
# ================================Toggle Details================================
# 
# Toggle Coverage for File ral_top.sv --
# 
#        Line                                   Node      1H->0L      0L->1H  "Coverage"
# --------------------------------------------------------------------------------------
#           8                                presetn           0           0        0.00 
#           8                                   pclk           0           0        0.00 
# 
# Total Node Count     =          2 
# Toggled Node Count   =          0 
# Untoggled Node Count =          2 
# 
# Toggle Coverage      =        0.0% (0 of 4 bins)
# 
# 
# Total Coverage By File (code coverage only, filtered view): 0.0%
# 
# 
# run -all
# ----------------------------------------------------------------
# UVM-1.1d
# (C) 2007-2013 Mentor Graphics Corporation
# (C) 2007-2013 Cadence Design Systems, Inc.
# (C) 2006-2013 Synopsys, Inc.
# (C) 2011-2013 Cypress Semiconductor Corp.
# ----------------------------------------------------------------
# 
#   ***********       IMPORTANT RELEASE NOTES         ************
# 
#   You are using a version of the UVM library that has been compiled
#   with `UVM_NO_DEPRECATED undefined.
#   See http://www.eda.org/svdb/view.php?id=3313 for more details.
# 
#   You are using a version of the UVM library that has been compiled
#   with `UVM_OBJECT_MUST_HAVE_CONSTRUCTOR undefined.
#   See http://www.eda.org/svdb/view.php?id=3770 for more details.
# 
#       (Specify +UVM_NO_RELNOTES to turn off this notice)
# 
# UVM_INFO verilog_src/questa_uvm_pkg-1.2/src/questa_uvm_pkg.sv(215) @ 0: reporter [Questa UVM] QUESTA_UVM-1.2.3
# UVM_INFO verilog_src/questa_uvm_pkg-1.2/src/questa_uvm_pkg.sv(217) @ 0: reporter [Questa UVM]  questa_uvm::init(+struct)
# UVM_INFO @ 0: reporter [RNTST] Running test ral_regression_test...
# UVM_INFO ral_test.sv(110) @ 0: uvm_test_top [TEST] Starting Write-Read Sequence
# UVM_INFO ral_sequence.sv(15) @ 0: reporter@@wr_rd_seq [SEQ] ====== CTRL ======
# UVM_INFO ral_sequence.sv(19) @ 0: reporter@@wr_rd_seq [SEQ] Initial CTRL -> Desired: 0, Mirrored: 0
# UVM_INFO ral_sequence.sv(24) @ 0: reporter@@wr_rd_seq [SEQ] After set CTRL -> Desired: a, Mirrored: 0
# UVM_INFO ral_scoreboard.sv(19) @ 25: uvm_test_top.env.sc [SCOREBOARD] WRITE: Addr = 0, Data = a
# UVM_INFO ral_monitor.sv(33) @ 25: uvm_test_top.env.agent_inst.mon [MON] pwrite: 1 | paddr: 0x0 | pwdata: 0xa | prdata: 0x0
# UVM_INFO ral_scoreboard.sv(19) @ 55: uvm_test_top.env.sc [SCOREBOARD] WRITE: Addr = 0, Data = a
# UVM_INFO ral_monitor.sv(33) @ 55: uvm_test_top.env.agent_inst.mon [MON] pwrite: 1 | paddr: 0x0 | pwdata: 0xa | prdata: 0x0
# UVM_INFO ral_driver.sv(120) @ 55: uvm_test_top.env.agent_inst.drv [DRV] Data Write -> Wdata : a
# UVM_INFO ral_sequence.sv(29) @ 75: reporter@@wr_rd_seq [SEQ] After update CTRL -> Desired: a, Mirrored: a, Read: 0
# UVM_ERROR ral_scoreboard.sv(23) @ 85: uvm_test_top.env.sc [SCOREBOARD] MISMATCH at Addr = 0 | Expected = a | Got = 0
# UVM_INFO ral_monitor.sv(33) @ 85: uvm_test_top.env.agent_inst.mon [MON] pwrite: 0 | paddr: 0x0 | pwdata: 0x0 | prdata: 0x0
# UVM_INFO ral_scoreboard.sv(19) @ 115: uvm_test_top.env.sc [SCOREBOARD] WRITE: Addr = 0, Data = a
# UVM_INFO ral_monitor.sv(33) @ 115: uvm_test_top.env.agent_inst.mon [MON] pwrite: 1 | paddr: 0x0 | pwdata: 0xa | prdata: 0x0
# UVM_INFO ral_driver.sv(120) @ 135: uvm_test_top.env.agent_inst.drv [DRV] Data Write -> Wdata : a
# UVM_INFO ral_scoreboard.sv(19) @ 145: uvm_test_top.env.sc [SCOREBOARD] WRITE: Addr = 0, Data = a
# UVM_INFO ral_monitor.sv(33) @ 145: uvm_test_top.env.agent_inst.mon [MON] pwrite: 1 | paddr: 0x0 | pwdata: 0xa | prdata: 0x0
# UVM_INFO ral_sequence.sv(34) @ 155: reporter@@wr_rd_seq [SEQ] After write CTRL -> Desired: a, Mirrored: a, Read: 0
# UVM_ERROR ral_scoreboard.sv(23) @ 175: uvm_test_top.env.sc [SCOREBOARD] MISMATCH at Addr = 0 | Expected = a | Got = 0
# UVM_INFO ral_monitor.sv(33) @ 175: uvm_test_top.env.agent_inst.mon [MON] pwrite: 0 | paddr: 0x0 | pwdata: 0x0 | prdata: 0x0
# UVM_INFO ral_scoreboard.sv(25) @ 205: uvm_test_top.env.sc [SCOREBOARD] READ MATCH: Addr = 0, Data = a
# UVM_INFO ral_monitor.sv(33) @ 205: uvm_test_top.env.agent_inst.mon [MON] pwrite: 0 | paddr: 0x0 | pwdata: 0x0 | prdata: 0xa
# UVM_INFO ral_driver.sv(133) @ 215: uvm_test_top.env.agent_inst.drv [DRV] Data READ -> read data : a
# UVM_INFO ral_scoreboard.sv(25) @ 235: uvm_test_top.env.sc [SCOREBOARD] READ MATCH: Addr = 0, Data = a
# UVM_INFO ral_monitor.sv(33) @ 235: uvm_test_top.env.agent_inst.mon [MON] pwrite: 0 | paddr: 0x0 | pwdata: 0x0 | prdata: 0xa
# UVM_INFO ral_sequence.sv(39) @ 235: reporter@@wr_rd_seq [SEQ] After read CTRL -> Desired: a, Mirrored: a, Read: a
# UVM_INFO ral_sequence.sv(43) @ 235: reporter@@wr_rd_seq [SEQ] ====== R1 ======
# UVM_INFO ral_sequence.sv(47) @ 235: reporter@@wr_rd_seq [SEQ] Initial R1 -> Desired: 0, Mirrored: 0
# UVM_INFO ral_sequence.sv(52) @ 235: reporter@@wr_rd_seq [SEQ] After set R1 -> Desired: a5, Mirrored: 0
# UVM_INFO ral_scoreboard.sv(19) @ 265: uvm_test_top.env.sc [SCOREBOARD] WRITE: Addr = 4, Data = a5
# UVM_INFO ral_monitor.sv(33) @ 265: uvm_test_top.env.agent_inst.mon [MON] pwrite: 1 | paddr: 0x4 | pwdata: 0xa5 | prdata: 0xa
# UVM_INFO ral_scoreboard.sv(19) @ 295: uvm_test_top.env.sc [SCOREBOARD] WRITE: Addr = 4, Data = a5
# UVM_INFO ral_monitor.sv(33) @ 295: uvm_test_top.env.agent_inst.mon [MON] pwrite: 1 | paddr: 0x4 | pwdata: 0xa5 | prdata: 0xa
# UVM_INFO ral_driver.sv(120) @ 295: uvm_test_top.env.agent_inst.drv [DRV] Data Write -> Wdata : a5
# UVM_INFO ral_sequence.sv(57) @ 315: reporter@@wr_rd_seq [SEQ] After update R1 -> Desired: a5, Mirrored: a5, Read: a
# UVM_INFO ral_scoreboard.sv(25) @ 325: uvm_test_top.env.sc [SCOREBOARD] READ MATCH: Addr = 0, Data = a
# UVM_INFO ral_monitor.sv(33) @ 325: uvm_test_top.env.agent_inst.mon [MON] pwrite: 0 | paddr: 0x0 | pwdata: 0x0 | prdata: 0xa
# UVM_INFO ral_scoreboard.sv(19) @ 355: uvm_test_top.env.sc [SCOREBOARD] WRITE: Addr = 4, Data = a5
# UVM_INFO ral_monitor.sv(33) @ 355: uvm_test_top.env.agent_inst.mon [MON] pwrite: 1 | paddr: 0x4 | pwdata: 0xa5 | prdata: 0xa
# UVM_INFO ral_driver.sv(120) @ 375: uvm_test_top.env.agent_inst.drv [DRV] Data Write -> Wdata : a5
# UVM_INFO ral_scoreboard.sv(19) @ 385: uvm_test_top.env.sc [SCOREBOARD] WRITE: Addr = 4, Data = a5
# UVM_INFO ral_monitor.sv(33) @ 385: uvm_test_top.env.agent_inst.mon [MON] pwrite: 1 | paddr: 0x4 | pwdata: 0xa5 | prdata: 0xa
# UVM_INFO ral_sequence.sv(62) @ 395: reporter@@wr_rd_seq [SEQ] After write R1 -> Desired: a5, Mirrored: a5, Read: a
# UVM_ERROR ral_scoreboard.sv(23) @ 415: uvm_test_top.env.sc [SCOREBOARD] MISMATCH at Addr = 4 | Expected = a5 | Got = a
# UVM_INFO ral_monitor.sv(33) @ 415: uvm_test_top.env.agent_inst.mon [MON] pwrite: 0 | paddr: 0x4 | pwdata: 0x0 | prdata: 0xa
# UVM_ERROR ral_scoreboard.sv(23) @ 445: uvm_test_top.env.sc [SCOREBOARD] MISMATCH at Addr = 4 | Expected = a5 | Got = 5a5a5555
# UVM_INFO ral_monitor.sv(33) @ 445: uvm_test_top.env.agent_inst.mon [MON] pwrite: 0 | paddr: 0x4 | pwdata: 0x0 | prdata: 0x5a5a5555
# UVM_INFO ral_driver.sv(133) @ 455: uvm_test_top.env.agent_inst.drv [DRV] Data READ -> read data : 5a5a5555
# UVM_ERROR ral_scoreboard.sv(23) @ 475: uvm_test_top.env.sc [SCOREBOARD] MISMATCH at Addr = 4 | Expected = a5 | Got = 5a5a5555
# UVM_INFO ral_monitor.sv(33) @ 475: uvm_test_top.env.agent_inst.mon [MON] pwrite: 0 | paddr: 0x4 | pwdata: 0x0 | prdata: 0x5a5a5555
# UVM_INFO ral_sequence.sv(67) @ 475: reporter@@wr_rd_seq [SEQ] After read R1 -> Desired: 5a5a5555, Mirrored: 5a5a5555, Read: 5a5a5555
# UVM_INFO ral_sequence.sv(71) @ 475: reporter@@wr_rd_seq [SEQ] ====== R2 ======
# UVM_INFO ral_sequence.sv(75) @ 475: reporter@@wr_rd_seq [SEQ] Initial R2 -> Desired: 0, Mirrored: 0
# UVM_INFO ral_scoreboard.sv(19) @ 505: uvm_test_top.env.sc [SCOREBOARD] WRITE: Addr = 8, Data = 3c
# UVM_INFO ral_monitor.sv(33) @ 505: uvm_test_top.env.agent_inst.mon [MON] pwrite: 1 | paddr: 0x8 | pwdata: 0x3c | prdata: 0x5a5a5555
# UVM_INFO ral_scoreboard.sv(19) @ 535: uvm_test_top.env.sc [SCOREBOARD] WRITE: Addr = 8, Data = 3c
# UVM_INFO ral_monitor.sv(33) @ 535: uvm_test_top.env.agent_inst.mon [MON] pwrite: 1 | paddr: 0x8 | pwdata: 0x3c | prdata: 0x5a5a5555
# UVM_INFO ral_driver.sv(120) @ 535: uvm_test_top.env.agent_inst.drv [DRV] Data Write -> Wdata : 3c
# UVM_ERROR ral_scoreboard.sv(23) @ 565: uvm_test_top.env.sc [SCOREBOARD] MISMATCH at Addr = 0 | Expected = a | Got = 5a5a5555
# UVM_INFO ral_monitor.sv(33) @ 565: uvm_test_top.env.agent_inst.mon [MON] pwrite: 0 | paddr: 0x0 | pwdata: 0x0 | prdata: 0x5a5a5555
# UVM_ERROR ral_scoreboard.sv(23) @ 595: uvm_test_top.env.sc [SCOREBOARD] MISMATCH at Addr = 8 | Expected = 3c | Got = 5a5a5555
# UVM_INFO ral_monitor.sv(33) @ 595: uvm_test_top.env.agent_inst.mon [MON] pwrite: 0 | paddr: 0x8 | pwdata: 0x0 | prdata: 0x5a5a5555
# UVM_INFO ral_driver.sv(133) @ 615: uvm_test_top.env.agent_inst.drv [DRV] Data READ -> read data : 3c
# UVM_INFO ral_scoreboard.sv(25) @ 625: uvm_test_top.env.sc [SCOREBOARD] READ MATCH: Addr = 8, Data = 3c
# UVM_INFO ral_monitor.sv(33) @ 625: uvm_test_top.env.agent_inst.mon [MON] pwrite: 0 | paddr: 0x8 | pwdata: 0x0 | prdata: 0x3c
# UVM_INFO ral_sequence.sv(82) @ 635: reporter@@wr_rd_seq [SEQ] After update + read R2 -> Desired: 3c, Mirrored: 3c, Read: 3c
# UVM_INFO ral_sequence.sv(86) @ 635: reporter@@wr_rd_seq [SEQ] ====== R3 ======
# UVM_INFO ral_sequence.sv(90) @ 635: reporter@@wr_rd_seq [SEQ] Initial R3 -> Desired: 0, Mirrored: 0
# UVM_INFO ral_scoreboard.sv(19) @ 655: uvm_test_top.env.sc [SCOREBOARD] WRITE: Addr = c, Data = 7e
# UVM_INFO ral_monitor.sv(33) @ 655: uvm_test_top.env.agent_inst.mon [MON] pwrite: 1 | paddr: 0xc | pwdata: 0x7e | prdata: 0x3c
# UVM_INFO ral_scoreboard.sv(19) @ 685: uvm_test_top.env.sc [SCOREBOARD] WRITE: Addr = c, Data = 7e
# UVM_INFO ral_monitor.sv(33) @ 685: uvm_test_top.env.agent_inst.mon [MON] pwrite: 1 | paddr: 0xc | pwdata: 0x7e | prdata: 0x3c
# UVM_INFO ral_driver.sv(120) @ 695: uvm_test_top.env.agent_inst.drv [DRV] Data Write -> Wdata : 7e
# UVM_INFO ral_scoreboard.sv(19) @ 715: uvm_test_top.env.sc [SCOREBOARD] WRITE: Addr = c, Data = 7e
# UVM_INFO ral_monitor.sv(33) @ 715: uvm_test_top.env.agent_inst.mon [MON] pwrite: 1 | paddr: 0xc | pwdata: 0x7e | prdata: 0x3c
# UVM_ERROR ral_scoreboard.sv(23) @ 745: uvm_test_top.env.sc [SCOREBOARD] MISMATCH at Addr = c | Expected = 7e | Got = 3c
# UVM_INFO ral_monitor.sv(33) @ 745: uvm_test_top.env.agent_inst.mon [MON] pwrite: 0 | paddr: 0xc | pwdata: 0x0 | prdata: 0x3c
# UVM_INFO ral_scoreboard.sv(25) @ 775: uvm_test_top.env.sc [SCOREBOARD] READ MATCH: Addr = c, Data = 7e
# UVM_INFO ral_monitor.sv(33) @ 775: uvm_test_top.env.agent_inst.mon [MON] pwrite: 0 | paddr: 0xc | pwdata: 0x0 | prdata: 0x7e
# UVM_INFO ral_driver.sv(133) @ 775: uvm_test_top.env.agent_inst.drv [DRV] Data READ -> read data : 7e
# UVM_INFO ral_sequence.sv(97) @ 795: reporter@@wr_rd_seq [SEQ] After update + read R3 -> Desired: 7e, Mirrored: 7e, Read: 7e
# UVM_INFO ral_sequence.sv(101) @ 795: reporter@@wr_rd_seq [SEQ] ====== R4 ======
# UVM_INFO ral_sequence.sv(105) @ 795: reporter@@wr_rd_seq [SEQ] Initial R4 -> Desired: 0, Mirrored: 0
# UVM_ERROR ral_scoreboard.sv(23) @ 805: uvm_test_top.env.sc [SCOREBOARD] MISMATCH at Addr = 0 | Expected = a | Got = 7e
# UVM_INFO ral_monitor.sv(33) @ 805: uvm_test_top.env.agent_inst.mon [MON] pwrite: 0 | paddr: 0x0 | pwdata: 0x0 | prdata: 0x7e
# UVM_INFO ral_scoreboard.sv(19) @ 835: uvm_test_top.env.sc [SCOREBOARD] WRITE: Addr = 10, Data = ff
# UVM_INFO ral_monitor.sv(33) @ 835: uvm_test_top.env.agent_inst.mon [MON] pwrite: 1 | paddr: 0x10 | pwdata: 0xff | prdata: 0x7e
# UVM_INFO ral_driver.sv(120) @ 855: uvm_test_top.env.agent_inst.drv [DRV] Data Write -> Wdata : ff
# UVM_INFO ral_scoreboard.sv(19) @ 865: uvm_test_top.env.sc [SCOREBOARD] WRITE: Addr = 10, Data = ff
# UVM_INFO ral_monitor.sv(33) @ 865: uvm_test_top.env.agent_inst.mon [MON] pwrite: 1 | paddr: 0x10 | pwdata: 0xff | prdata: 0x7e
# UVM_ERROR ral_scoreboard.sv(23) @ 895: uvm_test_top.env.sc [SCOREBOARD] MISMATCH at Addr = 10 | Expected = 0 | Got = 7e
# UVM_INFO ral_monitor.sv(33) @ 895: uvm_test_top.env.agent_inst.mon [MON] pwrite: 0 | paddr: 0x10 | pwdata: 0x0 | prdata: 0x7e
# UVM_ERROR ral_scoreboard.sv(23) @ 925: uvm_test_top.env.sc [SCOREBOARD] MISMATCH at Addr = 10 | Expected = 0 | Got = ff
# UVM_INFO ral_monitor.sv(33) @ 925: uvm_test_top.env.agent_inst.mon [MON] pwrite: 0 | paddr: 0x10 | pwdata: 0x0 | prdata: 0xff
# UVM_INFO ral_driver.sv(133) @ 935: uvm_test_top.env.agent_inst.drv [DRV] Data READ -> read data : ff
# UVM_ERROR ral_scoreboard.sv(23) @ 955: uvm_test_top.env.sc [SCOREBOARD] MISMATCH at Addr = 10 | Expected = 0 | Got = ff
# UVM_INFO ral_monitor.sv(33) @ 955: uvm_test_top.env.agent_inst.mon [MON] pwrite: 0 | paddr: 0x10 | pwdata: 0x0 | prdata: 0xff
# UVM_INFO ral_sequence.sv(112) @ 955: reporter@@wr_rd_seq [SEQ] After update + read R4 -> Desired: ff, Mirrored: ff, Read: ff
# UVM_INFO ral_test.sv(113) @ 955: uvm_test_top [TEST] Starting Reset Check Sequence
# UVM_INFO ral_sequence.sv(134) @ 955: reporter@@rst_seq [SEQ] Reset Present for REG1: 1
# UVM_INFO ral_sequence.sv(137) @ 955: reporter@@rst_seq [SEQ] REG1 Reset Value (default): 0x0
# UVM_INFO ral_sequence.sv(141) @ 955: reporter@@rst_seq [SEQ] Before Reset -> Desired: 0x55, Mirrored: 0x55
# -------------- Applying Default Reset to REG1 ---------------
# UVM_INFO ral_sequence.sv(147) @ 955: reporter@@rst_seq [SEQ] After Default Reset -> Desired: 0x0, Mirrored: 0x0
# UVM_INFO ral_sequence.sv(151) @ 955: reporter@@rst_seq [SEQ] Reset Present for REG2: 1
# UVM_INFO ral_sequence.sv(154) @ 955: reporter@@rst_seq [SEQ] REG2 Reset Value (default): 0x76
# UVM_INFO ral_sequence.sv(158) @ 955: reporter@@rst_seq [SEQ] Before Reset -> Desired: 0x3c, Mirrored: 0x3c
# -------------- Applying Default Reset to REG2 ---------------
# UVM_INFO ral_sequence.sv(164) @ 955: reporter@@rst_seq [SEQ] After Default Reset -> Desired: 0x76, Mirrored: 0x76
# UVM_INFO ral_sequence.sv(168) @ 955: reporter@@rst_seq [SEQ] Reset Present for REG3: 1
# UVM_INFO ral_sequence.sv(171) @ 955: reporter@@rst_seq [SEQ] REG3 Reset Value (default): 0x55
# UVM_INFO ral_sequence.sv(175) @ 955: reporter@@rst_seq [SEQ] Before Reset -> Desired: 0x7e, Mirrored: 0x7e
# -------------- Applying Default Reset to REG3 ---------------
# UVM_INFO ral_sequence.sv(181) @ 955: reporter@@rst_seq [SEQ] After Default Reset -> Desired: 0x55, Mirrored: 0x55
# UVM_INFO ral_sequence.sv(185) @ 955: reporter@@rst_seq [SEQ] Reset Present for REG4: 1
# UVM_INFO ral_sequence.sv(188) @ 955: reporter@@rst_seq [SEQ] REG4 Reset Value (default): 0xff
# UVM_INFO ral_sequence.sv(192) @ 955: reporter@@rst_seq [SEQ] Before Reset -> Desired: 0xff, Mirrored: 0xff
# -------------- Applying Default Reset to REG4 ---------------
# UVM_INFO ral_sequence.sv(198) @ 955: reporter@@rst_seq [SEQ] After Default Reset -> Desired: 0xff, Mirrored: 0xff
# UVM_INFO verilog_src/uvm-1.1d/src/base/uvm_objection.svh(1268) @ 955: reporter [TEST_DONE] 'run' phase is ready to proceed to the 'extract' phase
# 
# --- UVM Report Summary ---
# 
# ** Report counts by severity
# UVM_INFO :  107
# UVM_WARNING :    0
# UVM_ERROR :   12
# UVM_FATAL :    0
# ** Report counts by id
# [DRV]    12
# [MON]    32
# [Questa UVM]     2
# [RNTST]     1
# [SCOREBOARD]    32
# [SEQ]    37
# [TEST]     2
# [TEST_DONE]     1
# ** Note: $finish    : /tools/mentor/questasim_10.6c/questasim/linux/../verilog_src/uvm-1.1d/src/base/uvm_root.svh(430)
#    Time: 955 ns  Iteration: 69  Instance: /tb
# Saving coverage database on exit...
# End time: 09:59:59 on Aug 07,2025, Elapsed time: 0:00:03
# Errors: 0, Warnings: 0
